3#_blxx,时间,1
3#_blxx,焦炭,2
3#_blxx,焦丁,3
3#_blxx,熔剂,4
3#_blxx,块矿,5
3#_blxx,球团,6
3#_blxx,烧结,7
3#_blxx,焦料流,8
3#_blxx,矿料流,9
3#_blxx,焦角1,10
3#_blxx,焦圈1,11
3#_blxx,焦角2,12
3#_blxx,焦圈2,13
3#_blxx,焦角3,14
3#_blxx,焦圈3,15
3#_blxx,焦角4,16
3#_blxx,焦圈4,17
3#_blxx,焦角5,18
3#_blxx,焦圈5,19
3#_blxx,焦角6,20
3#_blxx,焦圈6,21
3#_blxx,焦角7,22
3#_blxx,焦圈7,23
3#_blxx,焦角8,24
3#_blxx,焦圈8,25
3#_blxx,矿角1,26
3#_blxx,矿圈1,27
3#_blxx,矿角2,28
3#_blxx,矿圈2,29
3#_blxx,矿角3,30
3#_blxx,矿圈3,31
3#_blxx,矿角4,32
3#_blxx,矿圈4,33
3#_blxx,矿角5,34
3#_blxx,矿圈5,35
3#_blxx,矿角6,36
3#_blxx,矿圈6,37
3#_blxx,矿角7,38
3#_blxx,矿圈7,39
3#_blxx,矿角8,40
3#_blxx,矿圈8,41
3#_blxx,焦角平均,42
3#_blxx,矿角平均,43
3#_blxx,矿批,44
3#_blxx,角度差,45
3#_blxx,焦批,46
3#_SZCW,时间,1
3#_SZCW,十字测温1,2
3#_SZCW,十字测温2,3
3#_SZCW,十字测温3,4
3#_SZCW,十字测温4,5
3#_SZCW,十字测温5,6
3#_SZCW,十字测温6,7
3#_SZCW,十字测温7,8
3#_SZCW,十字测温8,9
3#_SZCW,十字测温9,10
3#_SZCW,十字测温10,11
3#_SZCW,十字测温11,12
3#_SZCW,十字测温12,13
3#_SZCW,十字测温13,14
3#_SZCW,十字测温14,15
3#_SZCW,十字测温15,16
3#_SZCW,十字测温16,17
3#_SZCW,十字测温17,18
3#_SZCW,十字测温18,19
3#_SZCW,十字测温19,20
3#_SZCW,十字测温20,21
3#_SZCW,十字测温21,22
3#_SZCW,十字测温22,23
5#_SZCWhr,时间,1
5#_SZCWhr,十字测温1,2
5#_SZCWhr,十字测温2,3
5#_SZCWhr,十字测温3,4
5#_SZCWhr,十字测温4,5
5#_SZCWhr,十字测温5,6
5#_SZCWhr,十字测温6,7
5#_SZCWhr,十字测温7,8
5#_SZCWhr,十字测温8,9
5#_SZCWhr,十字测温9,10
5#_SZCWhr,十字测温10,11
5#_SZCWhr,十字测温11,12
5#_SZCWhr,十字测温12,13
5#_SZCWhr,十字测温13,14
5#_SZCWhr,十字测温14,15
5#_SZCWhr,十字测温15,16
5#_SZCWhr,十字测温16,17
5#_SZCWhr,十字测温17,18
5#_SZCWhr,十字测温18,19
5#_SZCWhr,十字测温19,20
5#_SZCWhr,十字测温20,21
5#_SZCWhr,十字测温21,22
5#_SZCWhr,十字测温22,23
RFL2_1,时间,1
RFL2_1,冷风压力,2
RFL2_1,热风温度,3
RFL2_1,支管煤气压力,4
RFL2_1,拱顶温度,5
RFL2_1,烟道温度,6
RFL2_1,是否燃烧,7
RFL2_1,是否送风,8
RFL2_1,支管煤气流量,9
RFL2_1,热风压力,10
RFL3_1,时间,1
RFL3_1,冷风压力,2
RFL3_1,热风温度,3
RFL3_1,支管煤气压力,4
RFL3_1,拱顶温度,5
RFL3_1,烟道温度,6
RFL3_1,是否燃烧,7
RFL3_1,是否送风,8
RFL3_1,支管煤气流量,9
RFL3_1,热风压力,10
RFL5_1,时间,1
RFL5_1,冷风压力,2
RFL5_1,热风温度,3
RFL5_1,支管煤气压力,4
RFL5_1,拱顶温度,5
RFL5_1,烟道温度,6
RFL5_1,是否燃烧,7
RFL5_1,是否送风,8
RFL5_1,支管煤气流量,9
RFL5_1,热风压力,10
RFL6_1,时间,1
RFL6_1,冷风压力,2
RFL6_1,热风温度,3
RFL6_1,支管煤气压力,4
RFL6_1,拱顶温度,5
RFL6_1,烟道温度,6
RFL6_1,是否燃烧,7
RFL6_1,是否送风,8
RFL6_1,支管煤气流量,9
RFL6_1,热风压力,10
SZCWhr,时间,1
SZCWhr,十字测温1,2
SZCWhr,十字测温2,3
SZCWhr,十字测温3,4
SZCWhr,十字测温4,5
SZCWhr,十字测温5,6
SZCWhr,十字测温6,7
SZCWhr,十字测温7,8
SZCWhr,十字测温8,9
SZCWhr,十字测温9,10
SZCWhr,十字测温10,11
SZCWhr,十字测温11,12
SZCWhr,十字测温12,13
SZCWhr,十字测温13,14
SZCWhr,十字测温14,15
SZCWhr,十字测温15,16
SZCWhr,十字测温16,17
SZCWhr,十字测温17,18
SZCWhr,十字测温18,19
SZCWhr,十字测温19,20
SZCWhr,十字测温20,21
SZCWhr,十字测温21,22
SZCWhr,十字测温22,23
v_2#喷吹,时间,1
v_2#喷吹,实际喷煤,2
v_2#喷吹,过滤器压力前,3
v_2#喷吹,过滤器压力后,4
V_2_G1,时间,1
V_2_G1,煤量设定,2
V_2_G1,罐压设定,3
V_2_G1,罐压,4
V_2_G1,空气压力,5
V_2_G1,氮气压力,6
V_2_G1,混合压力,7
V_2_G1,罐重,8
V_2_G1,补气开度,9
V_2_G1,补气流量,10
V_2_G1,补压开度,11
V_2_G1,中部流化开度,12
V_2_G1,中部流化流量,13
V_2_G1,下部流化开度,14
V_2_G1,下部流化流量,15
V_2_G1,上部温度,16
V_2_G1,下部温度,17
V_2_G2,时间,1
V_2_G2,煤量设定,2
V_2_G2,罐压设定,3
V_2_G2,罐压,4
V_2_G2,空气压力,5
V_2_G2,氮气压力,6
V_2_G2,混合压力,7
V_2_G2,罐重,8
V_2_G2,补气开度,9
V_2_G2,补气流量,10
V_2_G2,补压开度,11
V_2_G2,中部流化开度,12
V_2_G2,中部流化流量,13
V_2_G2,下部流化开度,14
V_2_G2,下部流化流量,15
V_2_G2,上部温度,16
V_2_G2,下部温度,17
V_2_G3,时间,1
V_2_G3,煤量设定,2
V_2_G3,罐压设定,3
V_2_G3,罐压,4
V_2_G3,空气压力,5
V_2_G3,氮气压力,6
V_2_G3,混合压力,7
V_2_G3,罐重,8
V_2_G3,补气开度,9
V_2_G3,补气流量,10
V_2_G3,补压开度,11
V_2_G3,中部流化开度,12
V_2_G3,中部流化流量,13
V_2_G3,下部流化开度,14
V_2_G3,下部流化流量,15
V_2_G3,上部温度,16
V_2_G3,下部温度,17
v_3#_tclx,时间,1
v_3#_tclx,左探,2
v_3#_tclx,左探雷达,3
v_3#_tclx,右探,4
v_3#_tclx,右探雷达,5
v_3#_tclxss,时间,1
v_3#_tclxss,左探,2
v_3#_tclxss,左探雷达,3
v_3#_tclxss,右探,4
v_3#_tclxss,右探雷达,5
v_5#_bplxj,时间,1
v_5#_bplxj,装料制度,2
v_5#_bplxj,装料形式,3
v_5#_bplxj,料批次,4
v_5#_ldmq,时间,1
v_5#_ldmq,CO,2
v_5#_ldmq,CO2,3
v_5#_ldmq,H2,4
v_5#_ldmq,煤气流量,5
v_5#_LDSD,时间,1
v_5#_LDSD,焦炭斗料单,2
v_5#_LDSD,焦丁斗料单,3
v_5#_LDSD,熔剂斗料单,4
v_5#_LDSD,块矿斗料单,5
v_5#_LDSD,球团斗料单,6
v_5#_LDSD,烧结斗料单,7
v_5#_LDSD, 料流调节阀开度（焦炭） ,8
v_5#_LDSD, 下料起始旋转角（焦炭） ,9
v_5#_LDSD, 第1环布料倾角（焦炭） ,10
v_5#_LDSD, 第2环布料倾角（焦炭） ,11
v_5#_LDSD, 第3环布料倾角（焦炭） ,12
v_5#_LDSD, 第4环布料倾角（焦炭） ,13
v_5#_LDSD, 第5环布料倾角（焦炭） ,14
v_5#_LDSD, 第6环布料倾角（焦炭） ,15
v_5#_LDSD, 第7环布料倾角（焦炭） ,16
v_5#_LDSD, 第8环布料倾角（焦炭） ,17
v_5#_LDSD, 第1环布料圈数（焦炭） ,18
v_5#_LDSD, 第2环布料圈数（焦炭） ,19
v_5#_LDSD, 第3环布料圈数（焦炭） ,20
v_5#_LDSD, 第4环布料圈数（焦炭） ,21
v_5#_LDSD, 第5环布料圈数（焦炭） ,22
v_5#_LDSD, 第6环布料圈数（焦炭） ,23
v_5#_LDSD, 第7环布料圈数（焦炭） ,24
v_5#_LDSD, 第8环布料圈数（焦炭） ,25
v_5#_LDSD, 料流调节阀开度（矿石） ,26
v_5#_LDSD, 下料起始旋转角（矿石） ,27
v_5#_LDSD, 第1环布料倾角（矿石） ,28
v_5#_LDSD, 第2环布料倾角（矿石） ,29
v_5#_LDSD, 第3环布料倾角（矿石） ,30
v_5#_LDSD, 第4环布料倾角（矿石） ,31
v_5#_LDSD, 第5环布料倾角（矿石） ,32
v_5#_LDSD, 第6环布料倾角（矿石） ,33
v_5#_LDSD, 第7环布料倾角（矿石） ,34
v_5#_LDSD, 第8环布料倾角（矿石） ,35
v_5#_LDSD, 第1环布料圈数（矿石） ,36
v_5#_LDSD, 第2环布料圈数（矿石） ,37
v_5#_LDSD, 第3环布料圈数（矿石） ,38
v_5#_LDSD, 第4环布料圈数（矿石） ,39
v_5#_LDSD, 第5环布料圈数（矿石） ,40
v_5#_LDSD, 第6环布料圈数（矿石） ,41
v_5#_LDSD, 第7环布料圈数（矿石） ,42
v_5#_LDSD, 第8环布料圈数（矿石） ,43
v_5#_lqb,时间,1
v_5#_lqb,炉身16000-A,2
v_5#_lqb,炉身16000-B,3
v_5#_lqb,炉身16000-C,4
v_5#_lqb,炉身16000-D,5
v_5#_lqb,炉身16000-E,6
v_5#_lqb,炉身16000-F,7
v_5#_lqb,炉身16000-G,8
v_5#_lqb,炉身16000-H,9
v_5#_lqb,炉身18400-A,10
v_5#_lqb,炉身18400-B,11
v_5#_lqb,炉身18400-C,12
v_5#_lqb,炉身18400-D,13
v_5#_lqb,炉身18400-E,14
v_5#_lqb,炉身18400-F,15
v_5#_lqb,炉身18400-G,16
v_5#_lqb,炉身18400-H,17
v_5#_lqb,炉身21600-A,18
v_5#_lqb,炉身21600-B,19
v_5#_lqb,炉身21600-C,20
v_5#_lqb,炉身21600-D,21
v_5#_lqb,炉身21600-E,22
v_5#_lqb,炉身21600-F,23
v_5#_lqb,炉身21600-G,24
v_5#_lqb,炉身21600-H,25
v_5#_lqb,炉身24840-113A,26
v_5#_lqb,炉身24840-113B,27
v_5#_lqb,炉身24840-113C,28
v_5#_lqb,炉身24840-113D,29
v_5#_lqb,炉身24840-114E,30
v_5#_lqb,炉身24840-114F,31
v_5#_lqb,炉身24840-114G,32
v_5#_lqb,炉身24840-114H,33
v_5#_lqb,炉身28600-115A,34
v_5#_lqb,炉身28600-115B,35
v_5#_lqb,炉身28600-115C,36
v_5#_lqb,炉身28600-115D,37
v_5#_lqb,炉身28600-116E,38
v_5#_lqb,炉身28600-116F,39
v_5#_lqb,炉身28600-116G,40
v_5#_lqb,炉身28600-116H,41
v_5#_lqb_all,时间,1
v_5#_lqb_all,炉身16000-A,2
v_5#_lqb_all,炉身16000-B,3
v_5#_lqb_all,炉身16000-C,4
v_5#_lqb_all,炉身16000-D,5
v_5#_lqb_all,炉身16000-E,6
v_5#_lqb_all,炉身16000-F,7
v_5#_lqb_all,炉身16000-G,8
v_5#_lqb_all,炉身16000-H,9
v_5#_lqb_all,炉身18400-A,10
v_5#_lqb_all,炉身18400-B,11
v_5#_lqb_all,炉身18400-C,12
v_5#_lqb_all,炉身18400-D,13
v_5#_lqb_all,炉身18400-E,14
v_5#_lqb_all,炉身18400-F,15
v_5#_lqb_all,炉身18400-G,16
v_5#_lqb_all,炉身18400-H,17
v_5#_lqb_all,炉身21600-A,18
v_5#_lqb_all,炉身21600-B,19
v_5#_lqb_all,炉身21600-C,20
v_5#_lqb_all,炉身21600-D,21
v_5#_lqb_all,炉身21600-E,22
v_5#_lqb_all,炉身21600-F,23
v_5#_lqb_all,炉身21600-G,24
v_5#_lqb_all,炉身21600-H,25
v_5#_lqb_all,炉身24840-113A,26
v_5#_lqb_all,炉身24840-113B,27
v_5#_lqb_all,炉身24840-113C,28
v_5#_lqb_all,炉身24840-113D,29
v_5#_lqb_all,炉身24840-114E,30
v_5#_lqb_all,炉身24840-114F,31
v_5#_lqb_all,炉身24840-114G,32
v_5#_lqb_all,炉身24840-114H,33
v_5#_lqb_all,炉身28600-115A,34
v_5#_lqb_all,炉身28600-115B,35
v_5#_lqb_all,炉身28600-115C,36
v_5#_lqb_all,炉身28600-115D,37
v_5#_lqb_all,炉身28600-116E,38
v_5#_lqb_all,炉身28600-116F,39
v_5#_lqb_all,炉身28600-116G,40
v_5#_lqb_all,炉身28600-116H,41
v_5#_PMBXS,时间,1
v_5#_PMBXS,半小时煤量,2
v_5#_szcw,时间,1
v_5#_szcw,十字测温1,2
v_5#_szcw,十字测温2,3
v_5#_szcw,十字测温3,4
v_5#_szcw,十字测温4,5
v_5#_szcw,十字测温5,6
v_5#_szcw,十字测温6,7
v_5#_szcw,十字测温7,8
v_5#_szcw,十字测温8,9
v_5#_szcw,十字测温9,10
v_5#_szcw,十字测温10,11
v_5#_szcw,十字测温11,12
v_5#_szcw,十字测温12,13
v_5#_szcw,十字测温13,14
v_5#_szcw,十字测温14,15
v_5#_szcw,十字测温15,16
v_5#_szcw,十字测温16,17
v_5#_szcw,十字测温17,18
v_5#_szcw,十字测温18,19
v_5#_szcw,十字测温19,20
v_5#_szcw,十字测温20,21
v_5#_szcw,十字测温21,22
v_5#_szcw,十字测温22,23
v_5#_tclx,时间,1
v_5#_tclx,左探,2
v_5#_tclx,左探雷达,3
v_5#_tclx,右探,4
v_5#_tclx,右探雷达,5
v_5#_tclxss,时间,1
v_5#_tclxss,左探,2
v_5#_tclxss,左探雷达,3
v_5#_tclxss,右探,4
v_5#_tclxss,右探雷达,5
v_5#_tiekouhao,高炉号,1
v_5#_tiekouhao,炉批号,2
v_5#_tiekouhao,铁口号,3
v_5#_tscf_g,编号,1
v_5#_tscf_g,高炉,2
v_5#_tscf_g,化验时间,3
v_5#_tscf_g,P,4
v_5#_tscf_g,S,5
v_5#_tscf_g,MN,6
v_5#_tscf_g,SI,7
v_5#_tscf_g,C,8
v_5#_tscf_g,V,9
v_5#_tscf_g,TI,10
v_5#_tscf_g,接时间,11
v_5#_tscf_g,LAB,12
v_5#_tscf_g,As,13
v_5#_tscf_g,班次,14
v_5#_tscf_t,编号,1
v_5#_tscf_t,高炉,2
v_5#_tscf_t,化验时间,3
v_5#_tscf_t,P,4
v_5#_tscf_t,S,5
v_5#_tscf_t,MN,6
v_5#_tscf_t,SI,7
v_5#_tscf_t,C,8
v_5#_tscf_t,V,9
v_5#_tscf_t,TI,10
v_5#_tscf_t,接时间,11
v_5#_tscf_t,LAB,12
v_5#_tscf_t,As,13
v_5#_tscf_t,班次,14
v_5#_tscw,时间,1
v_5#_tscw,铁水测温东,2
v_5#_tscw,铁水测温西,3
v_5#_zb,时间,1
v_5#_zb,产量,2
v_5#_zb,料批,3
v_5#_zb,焦炭,4
v_5#_zb,焦丁,5
v_5#_zb,熔剂,6
v_5#_zb,块矿,7
v_5#_zb,球团矿,8
v_5#_zb,烧结矿,9
v_5#_zb,喷煤,10
v_5#_zb,容积,11
v_5#_zb,干焦系数,12
v_5#_zb,干煤系数,13
v_5#_zb,总矿,14
v_5#_zb,总焦,15
v_5#_zb,利用系数,16
v_5#_zb,焦比,17
v_5#_zb,焦丁比,18
v_5#_zb,煤比,19
v_5#_zb,综合焦比,20
v_5#_zb,燃料比,21
v_5#_zb,冶炼强度,22
v_5#_zb,综合冶强,23
v_5#_zb,总矿耗,24
v_5#_zb,烧结单耗,25
v_5#_zb,球团单耗,26
v_5#_zb,块矿单耗,27
v_5#_zb,块矿比,28
v_5#_zb,球比,29
v_5#_zb,烧比,30
v_5#_zb,焦炭负荷,31
v_5#_zb,综合负荷,32
v_5#_zb,熔剂单耗,33
v_5#_zb,NO,34
v_5#_zb,截面利用系数,35
v_5#_zb,焦比2,36
V_5_G3,时间,1
V_5_G3,煤量设定,2
V_5_G3,罐压设定,3
V_5_G3,罐压,4
V_5_G3,空气压力,5
V_5_G3,氮气压力,6
V_5_G3,混合压力,7
V_5_G3,罐重,8
V_5_G3,补气开度,9
V_5_G3,补气流量,10
V_5_G3,补压开度,11
V_5_G3,中部流化开度,12
V_5_G3,中部流化流量,13
V_5_G3,下部流化开度,14
V_5_G3,下部流化流量,15
V_5_G3,上部温度,16
V_5_G3,下部温度,17
V_5_G4,时间,1
V_5_G4,煤量设定,2
V_5_G4,罐压设定,3
V_5_G4,罐压,4
V_5_G4,空气压力,5
V_5_G4,氮气压力,6
V_5_G4,混合压力,7
V_5_G4,罐重,8
V_5_G4,补气开度,9
V_5_G4,补气流量,10
V_5_G4,补压开度,11
V_5_G4,中部流化开度,12
V_5_G4,中部流化流量,13
V_5_G4,下部流化开度,14
V_5_G4,下部流化流量,15
V_5_G4,上部温度,16
V_5_G4,下部温度,17
V_5_G7,时间,1
V_5_G7,煤量设定,2
V_5_G7,罐压设定,3
V_5_G7,罐压,4
V_5_G7,空气压力,5
V_5_G7,氮气压力,6
V_5_G7,混合压力,7
V_5_G7,罐重,8
V_5_G7,补气开度,9
V_5_G7,补气流量,10
V_5_G7,补压开度,11
V_5_G7,中部流化开度,12
V_5_G7,中部流化流量,13
V_5_G7,下部流化开度,14
V_5_G7,下部流化流量,15
V_5_G7,上部温度,16
V_5_G7,下部温度,17
V_5_G8,时间,1
V_5_G8,煤量设定,2
V_5_G8,罐压设定,3
V_5_G8,罐压,4
V_5_G8,空气压力,5
V_5_G8,氮气压力,6
V_5_G8,混合压力,7
V_5_G8,罐重,8
V_5_G8,补气开度,9
V_5_G8,补气流量,10
V_5_G8,补压开度,11
V_5_G8,中部流化开度,12
V_5_G8,中部流化流量,13
V_5_G8,下部流化开度,14
V_5_G8,下部流化流量,15
V_5_G8,上部温度,16
V_5_G8,下部温度,17
v_bplxj,时间,1
v_bplxj,装料制度,2
v_bplxj,装料形式,3
v_bplxj,料批次,4
v_ctjl,总炉号,1
v_ctjl,生产日期,2
v_ctjl,开始出铁时间,3
v_ctjl,结束出铁时间,4
v_ctjl,自动测温,5
v_ctjl_3#,总炉号,1
v_ctjl_3#,生产日期,2
v_ctjl_3#,开始出铁时间,3
v_ctjl_3#,结束出铁时间,4
v_ctjl_3#,自动测温,5
v_ctjl_4#,总炉号,1
v_ctjl_4#,生产日期,2
v_ctjl_4#,开始出铁时间,3
v_ctjl_4#,结束出铁时间,4
v_ctjl_4#,自动测温,5
v_ctjl_5#,总炉号,1
v_ctjl_5#,生产日期,2
v_ctjl_5#,开始出铁时间,3
v_ctjl_5#,结束出铁时间,4
v_ctjl_5#,自动测温,5
v_ctjl_6#,总炉号,1
v_ctjl_6#,生产日期,2
v_ctjl_6#,开始出铁时间,3
v_ctjl_6#,结束出铁时间,4
v_ctjl_6#,自动测温,5
v_FengJi,时间,1
v_FengJi,风机静叶位置,2
v_FengJi,风机出口压力,3
v_FengJi,风机送风压力,4
v_FengJi,风机喉部差压,5
v_FengJi,风机送风流量,6
v_FengJi,风机轴位移1,7
v_FengJi,变速箱高速端位移,8
v_FengJi,变速箱低速端位移,9
v_FengJi,风机进气侧振动A,10
v_FengJi,风机进气侧振动B,11
v_FengJi,风机排气侧振动A,12
v_FengJi,风机排气侧振动B,13
v_FengJi,变速箱高速联接端振动A,14
v_FengJi,变速箱高速联接端振动B,15
v_FengJi,变速箱高速自由端振动A,16
v_FengJi,变速箱高速自由端振动B,17
v_FengJi,变速箱低速自由端振动A,18
v_FengJi,变速箱低速自由端振动B,19
v_FengJi,变速箱低速联接端振动A,20
v_FengJi,变速箱低速联接端振动B,21
v_FengJi,风机主止推轴承温度,22
v_FengJi,风机主推温度B,23
v_FengJi,风机副止推轴承温度,24
v_FengJi,风机付推温度B,25
v_FengJi,风机进气侧轴温,26
v_FengJi,进气侧轴温B,27
v_FengJi,风机排气侧轴温,28
v_FengJi,排气侧轴温B,29
v_FengJi,变速箱轴承温度1,30
v_FengJi,变速箱高速端轴承温度备1,31
v_FengJi,变速箱轴承温度2,32
v_FengJi,变速箱高速端轴承温度备2,33
v_FengJi,变速箱轴承温度3,34
v_FengJi,变速箱低速端轴承温度备1,35
v_FengJi,变速箱轴承温度4,36
v_FengJi,变速箱低速端轴承温度备2,37
v_FengJi,变速箱温度9,38
v_FengJi,变速箱温度10,39
v_FengJi,电机轴承温度1,40
v_FengJi,电机轴承温度2,41
v_FengJi,电机定子温度1,42
v_FengJi,电机定子温度2,43
v_FengJi,电机定子温度3,44
v_FengJi,润滑油冷油器后供油温度,45
v_FengJi,润滑油供油压力,46
v_FengJi,润滑油压力2,47
v_FengJi,润滑油压力3,48
v_FengJi,动力油总管压力,49
v_FengJi,动力油压力2,50
v_FengJi,动力油压力3,51
v_FengJi,润滑油箱液位,52
v_FengJi,动力油箱液位,53
v_FengJi,压缩空气压力,54
v_FengJi,风机进气温度,55
v_FengJi,风机入口过滤器压差,56
v_FengJi,主电机电流,57
v_FengJi,静叶手动调节设定值,58
v_FengJi,1#防喘阀阀位,59
v_FengJi,1#防喘手动控制,60
v_FengJi,动力油箱油温,61
v_FengJi,润滑油箱温度,62
v_FengJi,电机出风温度,63
v_fj21,时间,1
v_fj21,静叶角度,2
v_fj21,排气压力,3
v_fj21,送风压力,4
v_fj21,喉部差压,5
v_fj21,送风流量,6
v_fj21,风机轴位移,7
v_fj21,变速箱高速端位移,8
v_fj21,变速箱低速端位移,9
v_fj21,进气侧振动X,10
v_fj21,进气侧振动Y,11
v_fj21,排气侧振动X,12
v_fj21,排气侧振动Y,13
v_fj21,变速箱振动1,14
v_fj21,变速箱振动2,15
v_fj21,变速箱振动3,16
v_fj21,变速箱振动4,17
v_fj21,变速箱振动5,18
v_fj21,变速箱振动6,19
v_fj21,变速箱振动7,20
v_fj21,变速箱振动8,21
v_fj21,风机主推温度A,22
v_fj21,风机主推温度B,23
v_fj21,风机付推温度A,24
v_fj21,风机付推温度B,25
v_fj21,进气侧轴温A,26
v_fj21,进气侧轴温B,27
v_fj21,排气侧轴温A,28
v_fj21,排气侧轴温B,29
v_fj21,变速箱温度1,30
v_fj21,变速箱温度2,31
v_fj21,变速箱温度3,32
v_fj21,变速箱温度4,33
v_fj21,变速箱温度5,34
v_fj21,变速箱温度6,35
v_fj21,变速箱温度7,36
v_fj21,变速箱温度8,37
v_fj21,变速箱温度9,38
v_fj21,变速箱温度10,39
v_fj21,电机轴承温度1,40
v_fj21,电机轴承温度2,41
v_fj21,定子温度1,42
v_fj21,定子温度2,43
v_fj21,定子温度3,44
v_fj21,冷却器出口油温,45
v_fj21,润滑油压力1,46
v_fj21,润滑油压力2,47
v_fj21,润滑油压力3,48
v_fj21,动力油压力1,49
v_fj21,动力油压力2,50
v_fj21,动力油压力3,51
v_fj21,润滑油液位,52
v_fj21,动力油箱液位,53
v_fj21,气源压力,54
v_fj21,进气温度,55
v_fj21,过滤器差压,56
v_fj21,主电机电流,57
v_fj21,静叶手动阀调节设定值,58
v_fj21,1#防喘阀阀位,59
v_fj21,1#防喘阀手动控制,60
v_fj21,动力油箱油温,61
v_fj21,润滑油箱油温,62
v_fj21,电机出风温度,63
v_fj21,排气温度,64
v_fj21,防喘阀2#开度,65
v_fj21,轴流静叶开度,66
v_fj22,时间,1
v_fj22,静叶角度,2
v_fj22,排气压力,3
v_fj22,送风压力,4
v_fj22,喉部差压,5
v_fj22,送风流量,6
v_fj22,风机轴位移,7
v_fj22,变速箱高速端位移,8
v_fj22,变速箱低速端位移,9
v_fj22,进气侧振动X,10
v_fj22,进气侧振动Y,11
v_fj22,排气侧振动X,12
v_fj22,排气侧振动Y,13
v_fj22,变速箱振动1,14
v_fj22,变速箱振动2,15
v_fj22,变速箱振动3,16
v_fj22,变速箱振动4,17
v_fj22,变速箱振动5,18
v_fj22,变速箱振动6,19
v_fj22,变速箱振动7,20
v_fj22,变速箱振动8,21
v_fj22,风机主推温度A,22
v_fj22,风机主推温度B,23
v_fj22,风机付推温度A,24
v_fj22,风机付推温度B,25
v_fj22,进气侧轴温A,26
v_fj22,进气侧轴温B,27
v_fj22,排气侧轴温A,28
v_fj22,排气侧轴温B,29
v_fj22,变速箱温度1,30
v_fj22,变速箱温度2,31
v_fj22,变速箱温度3,32
v_fj22,变速箱温度4,33
v_fj22,变速箱温度5,34
v_fj22,变速箱温度6,35
v_fj22,变速箱温度7,36
v_fj22,变速箱温度8,37
v_fj22,变速箱温度9,38
v_fj22,变速箱温度10,39
v_fj22,电机轴承温度1,40
v_fj22,电机轴承温度2,41
v_fj22,定子温度1,42
v_fj22,定子温度2,43
v_fj22,定子温度3,44
v_fj22,冷却器出口油温,45
v_fj22,润滑油压力1,46
v_fj22,润滑油压力2,47
v_fj22,润滑油压力3,48
v_fj22,动力油压力1,49
v_fj22,动力油压力2,50
v_fj22,动力油压力3,51
v_fj22,润滑油液位,52
v_fj22,动力油箱液位,53
v_fj22,气源压力,54
v_fj22,进气温度,55
v_fj22,过滤器差压,56
v_fj22,主电机电流,57
v_fj22,静叶手动阀调节设定值,58
v_fj22,1#防喘阀阀位,59
v_fj22,1#防喘阀手动控制,60
v_fj22,动力油箱油温,61
v_fj22,润滑油箱油温,62
v_fj22,电机出风温度,63
v_fj22,排气温度,64
v_fj22,防喘阀2#开度,65
v_fj22,轴流静叶开度,66
v_gl3_LGZD,时间,1
v_gl3_LGZD,装料制度,2
v_gl3_LGZD,装料形式,3
v_gl3_LGZD,料批次,4
v_HFF_1A#,时间,1
v_HFF_1A#,阀门开度,2
v_HFF_1A#,持续分钟,3
v_HFF_1B#,时间,1
v_HFF_1B#,阀门开度,2
v_HFF_1B#,持续分钟,3
v_HFF_2#,时间,1
v_HFF_2#,阀门开度,2
v_HFF_2#,持续分钟,3
v_HFF_3#,时间,1
v_HFF_3#,阀门开度,2
v_HFF_3#,持续分钟,3
v_HFF_4#,时间,1
v_HFF_4#,阀门开度,2
v_HFF_4#,持续分钟,3
v_HFF_5#,时间,1
v_HFF_5#,阀门开度,2
v_HFF_5#,持续分钟,3
v_HFF_6#,时间,1
v_HFF_6#,阀门开度,2
v_HFF_6#,持续分钟,3
v_jiaotan,unit,1
v_jiaotan,ZYBH,2
v_jiaotan,MAT_SAMPLE_NO,3
v_jiaotan,MAT_SAMPLE_DATE,4
v_jiaotan,MAT_SAMPLE_SHIFT,5
v_jiaotan,OUTPUT,6
v_jiaotan,S10-25,7
v_jiaotan,S40-60,8
v_jiaotan,Ad,9
v_jiaotan,Vdaf,10
v_jiaotan,CRI,11
v_jiaotan,CLD,12
v_jiaotan,LCL180,13
v_jiaotan,M40,14
v_jiaotan,Mad,15
v_jiaotan,S25-40,16
v_jiaotan,MgO,17
v_jiaotan,SO3,18
v_jiaotan,St.ad,19
v_jiaotan,Aad,20
v_jiaotan,P2O5,21
v_jiaotan,TiO2,22
v_jiaotan,Vad,23
v_jiaotan,CaO,24
v_jiaotan,Na2O,25
v_jiaotan,St.d,26
v_jiaotan,CSR,27
v_jiaotan,Mt,28
v_jiaotan,S-10,29
v_jiaotan,CuO,30
v_jiaotan,K2O,31
v_jiaotan,MnO,32
v_jiaotan,S+60,33
v_jiaotan,S-25,34
v_jiaotan,FCad,35
v_jiaotan,M10,36
v_jiaotan,Vd,37
v_jiaotan,Al2O3,38
v_jiaotan,Fe2O3,39
v_jiaotan,SiO2,40
v_jiaotan2,CHECKDATE,1
v_jiaotan2,VARIVETY,2
v_jiaotan2,CHECKNO,3
v_jiaotan2,WORKSHIFT,4
v_jiaotan2,STOVENO,5
v_jiaotan2,STOVENUM,6
v_jiaotan2,JUDGEGRADE,7
v_jiaotan2,AD,8
v_jiaotan2,VDAF,9
v_jiaotan2,FCAD,10
v_jiaotan2,STAD,11
v_jiaotan2,M40,12
v_jiaotan2,M10,13
v_jiaotan2,MT,14
v_jiaotan2,筛分40至25MM,15
v_jiaotan2,筛分25至10MM,16
v_jiaotan2,筛分小于10MM,17
v_ldmq,时间,1
v_ldmq,CO,2
v_ldmq,CO2,3
v_ldmq,H2,4
v_ldmq,煤气流量,5
v_LDSD,时间,1
v_LDSD,1#焦炭斗料单设定重量,2
v_LDSD,2#焦炭斗料单设定重量,3
v_LDSD,3#焦炭斗料单设定重量,4
v_LDSD,4#焦炭斗料单设定重量,5
v_LDSD,5#焦炭斗料单设定重量,6
v_LDSD,6#焦炭斗料单设定重量,7
v_LDSD,7#焦炭斗料单设定重量,8
v_LDSD,8#焦炭斗料单设定重量,9
v_LDSD,9#焦炭斗料单设定重量,10
v_LDSD,10#焦炭斗料单设定重量,11
v_LDSD,焦丁斗料单设定重量,12
v_LDSD,熔剂斗料单设定重量,13
v_LDSD,块矿斗料单设定重量,14
v_LDSD,1#球团斗料单设定重量,15
v_LDSD,2#球团斗料单设定重量,16
v_LDSD,1#烧结斗料单设定重量,17
v_LDSD,2#烧结斗料单设定重量,18
v_LDSD,3#烧结斗料单设定重量,19
v_LDSD,4#烧结斗料单设定重量,20
v_LDSD,5#烧结斗料单设定重量,21
v_LDSD,料流调节阀开度设定（同装或分装焦炭）,22
v_LDSD,旋转溜槽下料起始旋转角设定（同装或分装焦炭）,23
v_LDSD,旋转溜槽第1环布料倾角设定（同装或分装焦炭）,24
v_LDSD,旋转溜槽第2环布料倾角设定（同装或分装焦炭）,25
v_LDSD,旋转溜槽第3环布料倾角设定（同装或分装焦炭）,26
v_LDSD,旋转溜槽第4环布料倾角设定（同装或分装焦炭）,27
v_LDSD,旋转溜槽第5环布料倾角设定（同装或分装焦炭）,28
v_LDSD,旋转溜槽第6环布料倾角设定（同装或分装焦炭）,29
v_LDSD,旋转溜槽第7环布料倾角设定（同装或分装焦炭）,30
v_LDSD,旋转溜槽第8环布料倾角设定（同装或分装焦炭）,31
v_LDSD,旋转溜槽第9环布料倾角设定（同装或分装焦炭）,32
v_LDSD,旋转溜槽第10环布料倾角设定（同装或分装焦炭）,33
v_LDSD,旋转溜槽第1环布料圈数设定（同装或分装焦炭）,34
v_LDSD,旋转溜槽第2环布料圈数设定（同装或分装焦炭）,35
v_LDSD,旋转溜槽第3环布料圈数设定（同装或分装焦炭）,36
v_LDSD,旋转溜槽第4环布料圈数设定（同装或分装焦炭）,37
v_LDSD,旋转溜槽第5环布料圈数设定（同装或分装焦炭）,38
v_LDSD,旋转溜槽第6环布料圈数设定（同装或分装焦炭）,39
v_LDSD,旋转溜槽第7环布料圈数设定（同装或分装焦炭）,40
v_LDSD,旋转溜槽第8环布料圈数设定（同装或分装焦炭）,41
v_LDSD,旋转溜槽第9环布料圈数设定（同装或分装焦炭）,42
v_LDSD,旋转溜槽第10环布料圈数设定（同装或分装焦炭）,43
v_LDSD,料流调节阀开度设定（分装矿石）,44
v_LDSD,旋转溜槽下料起始旋转角设定（分装矿石）,45
v_LDSD,旋转溜槽第1环布料倾角设定（分装矿石）,46
v_LDSD,旋转溜槽第2环布料倾角设定（分装矿石）,47
v_LDSD,旋转溜槽第3环布料倾角设定（分装矿石）,48
v_LDSD,旋转溜槽第4环布料倾角设定（分装矿石）,49
v_LDSD,旋转溜槽第5环布料倾角设定（分装矿石）,50
v_LDSD,旋转溜槽第6环布料倾角设定（分装矿石）,51
v_LDSD,旋转溜槽第7环布料倾角设定（分装矿石）,52
v_LDSD,旋转溜槽第8环布料倾角设定（分装矿石）,53
v_LDSD,旋转溜槽第9环布料倾角设定（分装矿石）,54
v_LDSD,旋转溜槽第10环布料倾角设定（分装矿石）,55
v_LDSD,旋转溜槽第1环布料圈数设定（分装矿石）,56
v_LDSD,旋转溜槽第2环布料圈数设定（分装矿石）,57
v_LDSD,旋转溜槽第3环布料圈数设定（分装矿石）,58
v_LDSD,旋转溜槽第4环布料圈数设定（分装矿石）,59
v_LDSD,旋转溜槽第5环布料圈数设定（分装矿石）,60
v_LDSD,旋转溜槽第6环布料圈数设定（分装矿石）,61
v_LDSD,旋转溜槽第7环布料圈数设定（分装矿石）,62
v_LDSD,旋转溜槽第8环布料圈数设定（分装矿石）,63
v_LDSD,旋转溜槽第9环布料圈数设定（分装矿石）,64
v_LDSD,旋转溜槽第10环布料圈数设定（分装矿石）,65
v_LDSD,1#焦炭斗放料顺序,66
v_LDSD,2#焦炭斗放料顺序,67
v_LDSD,3#焦炭斗放料顺序,68
v_LDSD,4#焦炭斗放料顺序,69
v_LDSD,5#焦炭斗放料顺序,70
v_LDSD,6#焦炭斗放料顺序,71
v_LDSD,7#焦炭斗放料顺序,72
v_LDSD,8#焦炭斗放料顺序,73
v_LDSD,9#焦炭斗放料顺序,74
v_LDSD,10#焦炭斗放料顺序,75
v_LDSD,焦丁斗放料顺序,76
v_LDSD,熔剂斗放料顺序,77
v_LDSD,块矿斗放料顺序,78
v_LDSD,1#球团斗放料顺序,79
v_LDSD,2#球团斗放料顺序,80
v_LDSD,1#烧结斗放料顺序,81
v_LDSD,2#烧结斗放料顺序,82
v_LDSD,3#烧结斗放料顺序,83
v_LDSD,4#烧结斗放料顺序,84
v_LDSD,5#烧结斗放料顺序,85
v_lgcb,时间,1
v_lgcb,炉缸侧壁7.7995m温度1,2
v_lgcb,炉缸侧壁7.7995m温度2,3
v_lgcb,炉缸侧壁7.7995m温度3,4
v_lgcb,炉缸侧壁7.7995m温度4,5
v_lgcb,炉缸侧壁7.7995m温度5,6
v_lgcb,炉缸侧壁7.7995m温度6,7
v_lgcb,炉缸侧壁7.7995m温度7,8
v_lgcb,炉缸侧壁7.7995m温度8,9
v_lgcb,炉缸侧壁7.7995m温度9,10
v_lgcb,炉缸侧壁7.7995m温度10,11
v_lgcb,炉缸侧壁7.7995m温度11,12
v_lgcb,炉缸侧壁7.7995m温度12,13
v_lgcb,炉缸侧壁7.7995m温度13,14
v_lgcb,炉缸侧壁7.7995m温度14,15
v_lgcb,炉缸侧壁7.7995m温度15,16
v_lgcb,炉缸侧壁7.7995m温度16,17
v_lgcb,炉缸侧壁7.7995m温度17,18
v_lgcb,炉缸侧壁7.7995m温度18,19
v_lgcb,炉缸侧壁7.7995m温度19,20
v_lgcb,炉缸侧壁7.7995m温度20,21
v_lgcb,炉缸侧壁7.7995m温度21,22
v_lgcb,炉缸侧壁7.7995m温度22,23
v_lgcb,炉缸侧壁7.7995m温度23,24
v_lgcb,炉缸侧壁7.7995m温度24,25
v_lgcb,炉缸侧壁7.7995m温度25,26
v_lgcb,炉缸侧壁7.7995m温度26,27
v_lgcb,炉缸侧壁7.7995m温度27,28
v_lgcb,炉缸侧壁7.7995m温度28,29
v_lgcb,炉缸侧壁7.7995m温度29,30
v_lgcb,炉缸侧壁7.7995m温度30,31
v_lgcb,炉缸侧壁7.7995m温度31,32
v_lgcb,炉缸侧壁7.7995m温度32,33
v_lgcb,炉缸侧壁7.7995m温度33,34
v_lgcb,炉缸侧壁7.7995m温度34,35
v_lgcb,炉缸侧壁7.7995m温度35,36
v_lgcb,炉缸侧壁7.7995m温度36,37
v_lgcb,炉缸侧壁8.200m温度1,38
v_lgcb,炉缸侧壁8.200m温度2,39
v_lgcb,炉缸侧壁8.200m温度3,40
v_lgcb,炉缸侧壁8.200m温度4,41
v_lgcb,炉缸侧壁8.200m温度5,42
v_lgcb,炉缸侧壁8.200m温度6,43
v_lgcb,炉缸侧壁8.200m温度7,44
v_lgcb,炉缸侧壁8.200m温度8,45
v_lgcb,炉缸侧壁8.200m温度9,46
v_lgcb,炉缸侧壁8.200m温度10,47
v_lgcb,炉缸侧壁8.200m温度11,48
v_lgcb,炉缸侧壁8.200m温度12,49
v_lgcb,炉缸侧壁8.200m温度13,50
v_lgcb,炉缸侧壁8.200m温度14,51
v_lgcb,炉缸侧壁8.200m温度15,52
v_lgcb,炉缸侧壁8.200m温度16,53
v_lgcb,炉缸侧壁8.200m温度17,54
v_lgcb,炉缸侧壁8.200m温度18,55
v_lgcb,炉缸侧壁8.200m温度19,56
v_lgcb,炉缸侧壁8.200m温度20,57
v_lgcb,炉缸侧壁8.200m温度21,58
v_lgcb,炉缸侧壁8.200m温度22,59
v_lgcb,炉缸侧壁8.200m温度23,60
v_lgcb,炉缸侧壁8.200m温度24,61
v_lgcb,炉缸侧壁8.200m温度25,62
v_lgcb,炉缸侧壁8.200m温度26,63
v_lgcb,炉缸侧壁8.200m温度27,64
v_lgcb,炉缸侧壁8.200m温度28,65
v_lgcb,炉缸侧壁8.200m温度29,66
v_lgcb,炉缸侧壁8.200m温度30,67
v_lgcb,炉缸侧壁8.200m温度31,68
v_lgcb,炉缸侧壁8.200m温度32,69
v_lgcb,炉缸侧壁8.200m温度33,70
v_lgcb,炉缸侧壁8.200m温度34,71
v_lgcb,炉缸侧壁8.200m温度35,72
v_lgcb,炉缸侧壁8.200m温度36,73
v_lgcb,炉缸侧壁8.7005m温度1,74
v_lgcb,炉缸侧壁8.7005m温度2,75
v_lgcb,炉缸侧壁8.7005m温度3,76
v_lgcb,炉缸侧壁8.7005m温度4,77
v_lgcb,炉缸侧壁8.7005m温度5,78
v_lgcb,炉缸侧壁8.7005m温度6,79
v_lgcb,炉缸侧壁8.7005m温度7,80
v_lgcb,炉缸侧壁8.7005m温度8,81
v_lgcb,炉缸侧壁8.7005m温度9,82
v_lgcb,炉缸侧壁8.7005m温度10,83
v_lgcb,炉缸侧壁8.7005m温度11,84
v_lgcb,炉缸侧壁8.7005m温度12,85
v_lgcb,炉缸侧壁8.7005m温度13,86
v_lgcb,炉缸侧壁8.7005m温度14,87
v_lgcb,炉缸侧壁8.7005m温度15,88
v_lgcb,炉缸侧壁8.7005m温度16,89
v_lgcb,炉缸侧壁8.7005m温度17,90
v_lgcb,炉缸侧壁8.7005m温度18,91
v_lgcb,炉缸侧壁8.7005m温度19,92
v_lgcb,炉缸侧壁8.7005m温度20,93
v_lgcb,炉缸侧壁8.7005m温度21,94
v_lgcb,炉缸侧壁8.7005m温度22,95
v_lgcb,炉缸侧壁8.7005m温度23,96
v_lgcb,炉缸侧壁8.7005m温度24,97
v_lgcb,炉缸侧壁8.7005m温度25,98
v_lgcb,炉缸侧壁8.7005m温度26,99
v_lgcb,炉缸侧壁8.7005m温度27,100
v_lgcb,炉缸侧壁8.7005m温度28,101
v_lgcb,炉缸侧壁8.7005m温度29,102
v_lgcb,炉缸侧壁8.7005m温度30,103
v_lgcb,炉缸侧壁8.7005m温度31,104
v_lgcb,炉缸侧壁8.7005m温度32,105
v_lgcb,炉缸侧壁8.7005m温度33,106
v_lgcb,炉缸侧壁8.7005m温度34,107
v_lgcb,炉缸侧壁8.7005m温度35,108
v_lgcb,炉缸侧壁8.7005m温度36,109
v_lgcb,炉缸侧壁9.201m温度1,110
v_lgcb,炉缸侧壁9.201m温度2,111
v_lgcb,炉缸侧壁9.201m温度3,112
v_lgcb,炉缸侧壁9.201m温度4,113
v_lgcb,炉缸侧壁9.201m温度5,114
v_lgcb,炉缸侧壁9.201m温度6,115
v_lgcb,炉缸侧壁9.201m温度7,116
v_lgcb,炉缸侧壁9.201m温度8,117
v_lgcb,炉缸侧壁9.201m温度9,118
v_lgcb,炉缸侧壁9.201m温度10,119
v_lgcb,炉缸侧壁9.201m温度11,120
v_lgcb,炉缸侧壁9.201m温度12,121
v_lgcb,炉缸侧壁9.201m温度13,122
v_lgcb,炉缸侧壁9.201m温度14,123
v_lgcb,炉缸侧壁9.201m温度15,124
v_lgcb,炉缸侧壁9.201m温度16,125
v_lgcb,炉缸侧壁9.201m温度17,126
v_lgcb,炉缸侧壁9.201m温度18,127
v_lgcb,炉缸侧壁9.201m温度19,128
v_lgcb,炉缸侧壁9.201m温度20,129
v_lgcb,炉缸侧壁9.201m温度21,130
v_lgcb,炉缸侧壁9.201m温度22,131
v_lgcb,炉缸侧壁9.201m温度23,132
v_lgcb,炉缸侧壁9.201m温度24,133
v_lgcb,炉缸侧壁9.7015m温度1,134
v_lgcb,炉缸侧壁9.7015m温度2,135
v_lgcb,炉缸侧壁9.7015m温度3,136
v_lgcb,炉缸侧壁9.7015m温度4,137
v_lgcb,炉缸侧壁9.7015m温度5,138
v_lgcb,炉缸侧壁9.7015m温度6,139
v_lgcb,炉缸侧壁9.7015m温度7,140
v_lgcb,炉缸侧壁9.7015m温度8,141
v_lgcb,炉缸侧壁9.7015m温度9,142
v_lgcb,炉缸侧壁9.7015m温度10,143
v_lgcb,炉缸侧壁9.7015m温度11,144
v_lgcb,炉缸侧壁9.7015m温度12,145
v_lgcb,炉缸侧壁9.7015m温度13,146
v_lgcb,炉缸侧壁9.7015m温度14,147
v_lgcb,炉缸侧壁9.7015m温度15,148
v_lgcb,炉缸侧壁9.7015m温度16,149
v_lgcb,炉缸侧壁9.7015m温度17,150
v_lgcb,炉缸侧壁9.7015m温度18,151
v_lgcb,炉缸侧壁9.7015m温度19,152
v_lgcb,炉缸侧壁9.7015m温度20,153
v_lgcb,炉缸侧壁9.7015m温度21,154
v_lgcb,炉缸侧壁9.7015m温度22,155
v_lgcb,炉缸侧壁9.7015m温度23,156
v_lgcb,炉缸侧壁9.7015m温度24,157
v_lgcb,炉缸侧壁10.202m温度1,158
v_lgcb,炉缸侧壁10.202m温度2,159
v_lgcb,炉缸侧壁10.202m温度3,160
v_lgcb,炉缸侧壁10.202m温度4,161
v_lgcb,炉缸侧壁10.202m温度5,162
v_lgcb,炉缸侧壁10.202m温度6,163
v_lgcb,炉缸侧壁10.202m温度7,164
v_lgcb,炉缸侧壁10.202m温度8,165
v_lgcb,炉缸侧壁10.202m温度9,166
v_lgcb,炉缸侧壁10.202m温度10,167
v_lgcb,炉缸侧壁10.202m温度11,168
v_lgcb,炉缸侧壁10.202m温度12,169
v_lgcb,炉缸侧壁10.202m温度13,170
v_lgcb,炉缸侧壁10.202m温度14,171
v_lgcb,炉缸侧壁10.202m温度15,172
v_lgcb,炉缸侧壁10.202m温度16,173
v_lgcb,炉缸侧壁10.202m温度17,174
v_lgcb,炉缸侧壁10.202m温度18,175
v_lgcb,炉缸侧壁10.202m温度19,176
v_lgcb,炉缸侧壁10.202m温度20,177
v_lgcb,炉缸侧壁10.202m温度21,178
v_lgcb,炉缸侧壁10.202m温度22,179
v_lgcb,炉缸侧壁10.202m温度23,180
v_lgcb,炉缸侧壁10.202m温度24,181
v_lgdb,时间,1
v_lgdb,炉缸底部5.2965m温度,2
v_lgdb,炉缸底部5.697m温度1,3
v_lgdb,炉缸底部5.697m温度2,4
v_lgdb,炉缸底部5.697m温度3,5
v_lgdb,炉缸底部5.697m温度4,6
v_lgdb,炉缸底部5.697m温度5,7
v_lgdb,炉缸底部5.697m温度6,8
v_lgdb,炉缸底部5.697m温度7,9
v_lgdb,炉缸底部5.697m温度8,10
v_lgdb,炉缸底部5.697m温度9,11
v_lgdb,炉缸底部5.697m温度10,12
v_lgdb,炉缸底部5.697m温度11,13
v_lgdb,炉缸底部5.697m温度12,14
v_lgdb,炉缸底部5.697m温度13,15
v_lgdb,炉缸底部5.697m温度14,16
v_lgdb,炉缸底部5.697m温度15,17
v_lgdb,炉缸底部5.697m温度16,18
v_lgdb,炉缸底部5.697m温度17,19
v_lgdb,炉缸底部5.697m温度18,20
v_lgdb,炉缸底部5.697m温度19,21
v_lgdb,炉缸底部5.697m温度20,22
v_lgdb,炉缸底部5.697m温度21,23
v_lgdb,炉缸底部5.697m温度22,24
v_lgdb,炉缸底部5.697m温度23,25
v_lgdb,炉缸底部5.697m温度24,26
v_lgdb,炉缸底部5.697m温度25,27
v_lgdb,炉缸底部5.697m温度26,28
v_lgdb,炉缸底部6.0975m温度1,29
v_lgdb,炉缸底部6.0975m温度2,30
v_lgdb,炉缸底部6.498m温度1,31
v_lgdb,炉缸底部6.498m温度2,32
v_lgdb,炉缸底部6.498m温度3,33
v_lgdb,炉缸底部6.498m温度4,34
v_lgdb,炉缸底部6.498m温度5,35
v_lgdb,炉缸底部6.498m温度6,36
v_lgdb,炉缸底部6.498m温度7,37
v_lgdb,炉缸底部6.498m温度8,38
v_lgdb,炉缸底部6.498m温度9,39
v_lgdb,炉缸底部6.498m温度10,40
v_lgdb,炉缸底部6.498m温度11,41
v_lgdb,炉缸底部6.498m温度12,42
v_lgdb,炉缸底部6.498m温度13,43
v_lgdb,炉缸底部6.498m温度14,44
v_lgdb,炉缸底部6.498m温度15,45
v_lgdb,炉缸底部6.498m温度16,46
v_lgdb,炉缸底部6.498m温度17,47
v_lgdb,炉缸底部6.498m温度18,48
v_lgdb,炉缸底部6.498m温度19,49
v_lgdb,炉缸底部6.498m温度20,50
v_lgdb,炉缸底部6.498m温度21,51
v_lgdb,炉缸底部6.498m温度22,52
v_lgdb,炉缸底部6.498m温度23,53
v_lgdb,炉缸底部6.498m温度24,54
v_lgdb,炉缸底部6.498m温度25,55
v_lgdb,炉缸底部6.498m温度26,56
v_lgdb,炉缸底部6.498m温度27,57
v_lgdb,炉缸底部6.498m温度28,58
v_lgdb,炉缸底部6.498m温度29,59
v_lgdb,炉缸底部6.498m温度30,60
v_lgdb,炉缸底部6.498m温度31,61
v_lgdb,炉缸底部6.498m温度32,62
v_lgdb,炉缸底部6.498m温度33,63
v_lgdb,炉缸底部6.498m温度34,64
v_lgdb,炉缸底部6.498m温度35,65
v_lgdb,炉缸底部6.498m温度36,66
v_lgdb,炉缸底部6.498m温度37,67
v_lgdb,炉缸底部6.498m温度38,68
v_lgdb,炉缸底部6.498m温度39,69
v_lgdb,炉缸底部6.498m温度40,70
v_lgdb,炉缸底部6.498m温度41,71
v_lgdb,炉缸底部6.498m温度42,72
v_lgdb,炉缸底部6.498m温度43,73
v_lgdb,炉缸底部6.498m温度44,74
v_lgdb,炉缸底部6.498m温度45,75
v_lgdb,炉缸底部6.498m温度46,76
v_lgdb,炉缸底部6.498m温度47,77
v_lgdb,炉缸底部6.498m温度48,78
v_lgdb,炉缸底部6.498m温度49,79
v_lgdb,炉缸底部6.498m温度50,80
v_lgdb,炉缸底部6.898m温度1,81
v_lgdb,炉缸底部6.898m温度2,82
v_lgdb,炉缸底部6.898m温度3,83
v_lgdb,炉缸底部6.898m温度4,84
v_lgdb,炉缸底部6.898m温度5,85
v_lgdb,炉缸底部6.898m温度6,86
v_lgdb,炉缸底部6.898m温度7,87
v_lgdb,炉缸底部6.898m温度8,88
v_lgdb,炉缸底部6.898m温度9,89
v_lgdb,炉缸底部6.898m温度10,90
v_lgdb,炉缸底部6.898m温度11,91
v_lgdb,炉缸底部6.898m温度12,92
v_lgdb,炉缸底部6.898m温度13,93
v_lgdb,炉缸底部6.898m温度14,94
v_lgdb,炉缸底部6.898m温度15,95
v_lgdb,炉缸底部6.898m温度16,96
v_lgdb,炉缸底部6.898m温度17,97
v_lgdb,炉缸底部6.898m温度18,98
v_lgdb,炉缸底部6.898m温度19,99
v_lgdb,炉缸底部6.898m温度20,100
v_lgdb,炉缸底部6.898m温度21,101
v_lgdb,炉缸底部6.898m温度22,102
v_lgdb,炉缸底部6.898m温度23,103
v_lgdb,炉缸底部6.898m温度24,104
v_lgdb,炉缸底部6.898m温度25,105
v_lgdb,炉缸底部6.898m温度26,106
v_lgdb,炉缸底部6.898m温度27,107
v_lgdb,炉缸底部6.898m温度28,108
v_lgdb,炉缸底部6.898m温度29,109
v_lgdb,炉缸底部6.898m温度30,110
v_lgdb,炉缸底部6.898m温度31,111
v_lgdb,炉缸底部6.898m温度32,112
v_lgdb,炉缸底部6.898m温度33,113
v_lgdb,炉缸底部6.898m温度34,114
v_lgdb,炉缸底部6.898m温度35,115
v_lgdb,炉缸底部6.898m温度36,116
v_lgdb,炉缸底部6.898m温度37,117
v_lgdb,炉缸底部6.898m温度38,118
v_lgdb,炉缸底部6.898m温度39,119
v_lgdb,炉缸底部6.898m温度40,120
v_lgdb,炉缸底部6.898m温度41,121
v_lgdb,炉缸底部6.898m温度42,122
v_lgdb,炉缸底部6.898m温度43,123
v_lgdb,炉缸底部6.898m温度44,124
v_lgdb,炉缸底部6.898m温度45,125
v_lgdb,炉缸底部6.898m温度46,126
v_lgdb,炉缸底部6.898m温度47,127
v_lgdb,炉缸底部6.898m温度48,128
v_lgdb,炉缸底部6.898m温度49,129
v_lgdb,炉缸底部6.898m温度50,130
v_lgdb,炉缸底部7.399m温度1,131
v_lgdb,炉缸底部7.399m温度2,132
v_lgdb,炉缸底部7.399m温度3,133
v_lgdb,炉缸底部7.399m温度4,134
v_lgdb,炉缸底部7.399m温度5,135
v_lgdb,炉缸底部7.399m温度6,136
v_lgdb,炉缸底部7.399m温度7,137
v_lgdb,炉缸底部7.399m温度8,138
v_lgdb,炉缸底部7.399m温度9,139
v_lgdb,炉缸底部7.399m温度10,140
v_lgdb,炉缸底部7.399m温度11,141
v_lgdb,炉缸底部7.399m温度12,142
v_lgdb,炉缸底部7.399m温度13,143
v_lgdb,炉缸底部7.399m温度14,144
v_lgdb,炉缸底部7.399m温度15,145
v_lgdb,炉缸底部7.399m温度16,146
v_lgdb,炉缸底部7.399m温度17,147
v_lgdb,炉缸底部7.399m温度18,148
v_lgdb,炉缸底部7.399m温度19,149
v_lgdb,炉缸底部7.399m温度20,150
v_lgdb,炉缸底部7.399m温度21,151
v_lgdb,炉缸底部7.399m温度22,152
v_lgdb,炉缸底部7.399m温度23,153
v_lgdb,炉缸底部7.399m温度24,154
v_lgdb,炉缸底部7.399m温度25,155
v_lgdb,炉缸底部7.399m温度26,156
v_lgdb,炉缸底部7.399m温度27,157
v_lgdb,炉缸底部7.399m温度28,158
v_lgdb,炉缸底部7.399m温度29,159
v_lgdb,炉缸底部7.399m温度30,160
v_lgdb,炉缸底部7.399m温度31,161
v_lgdb,炉缸底部7.399m温度32,162
v_lgdb,炉缸底部7.399m温度33,163
v_lgdb,炉缸底部7.399m温度34,164
v_lgdb,炉缸底部7.399m温度35,165
v_lgdb,炉缸底部7.399m温度36,166
v_lgdb,炉缸底部7.399m温度37,167
v_lgdb,炉缸底部7.399m温度38,168
v_lgdb,炉缸底部7.399m温度39,169
v_lgdb,炉缸底部7.399m温度40,170
v_lgdb,炉缸底部7.399m温度41,171
v_lgdb,炉缸底部7.399m温度42,172
v_lgdb,炉缸底部7.399m温度43,173
v_lgdb,炉缸底部7.399m温度44,174
v_lgdb,炉缸底部7.399m温度45,175
v_lgdb,炉缸底部7.399m温度46,176
v_lgdb,炉缸底部7.399m温度47,177
v_lgdb,炉缸底部7.399m温度48,178
v_lgdb,炉缸底部7.399m温度49,179
v_lgdb,炉缸底部7.399m温度50,180
v_lgdb,炉缸底部7.399m温度51,181
v_lgdb,炉缸底部7.399m温度52,182
v_lgdb,炉缸底部7.399m温度53,183
v_lgdb,炉缸底部7.399m温度54,184
v_lgdb,炉缸底部7.399m温度55,185
v_lgdb,炉缸底部7.399m温度56,186
v_lgdb,炉缸底部7.399m温度57,187
v_lgdb,炉缸底部7.399m温度58,188
v_lgdb,炉缸底部7.399m温度59,189
v_lgdb,炉缸底部7.399m温度60,190
v_lgdb,炉缸底部7.399m温度61,191
v_lgdb,炉缸底部7.399m温度62,192
v_lqb,时间,1
v_lqb,炉腹炉腰17.285m冷却壁温度1,2
v_lqb,炉腹炉腰17.285m冷却壁温度2,3
v_lqb,炉腹炉腰17.285m冷却壁温度3,4
v_lqb,炉腹炉腰17.285m冷却壁温度4,5
v_lqb,炉腹炉腰17.285m冷却壁温度5,6
v_lqb,炉腹炉腰17.285m冷却壁温度6,7
v_lqb,炉腹炉腰17.285m冷却壁温度7,8
v_lqb,炉腹炉腰17.285m冷却壁温度8,9
v_lqb,炉腹炉腰17.285m冷却壁温度9,10
v_lqb,炉腹炉腰17.285m冷却壁温度10,11
v_lqb,炉腹炉腰17.285m冷却壁温度11,12
v_lqb,炉腹炉腰17.285m冷却壁温度12,13
v_lqb,炉腹炉腰19.895m冷却壁温度1,14
v_lqb,炉腹炉腰19.895m冷却壁温度2,15
v_lqb,炉腹炉腰19.895m冷却壁温度3,16
v_lqb,炉腹炉腰19.895m冷却壁温度4,17
v_lqb,炉腹炉腰19.895m冷却壁温度5,18
v_lqb,炉腹炉腰19.895m冷却壁温度6,19
v_lqb,炉腹炉腰19.895m冷却壁温度7,20
v_lqb,炉腹炉腰19.895m冷却壁温度8,21
v_lqb,炉腹炉腰19.895m冷却壁温度9,22
v_lqb,炉腹炉腰19.895m冷却壁温度10,23
v_lqb,炉腹炉腰19.895m冷却壁温度11,24
v_lqb,炉腹炉腰19.895m冷却壁温度12,25
v_lqb,炉身下部22.30m冷却壁温度1,26
v_lqb,炉身下部22.30m冷却壁温度2,27
v_lqb,炉身下部22.30m冷却壁温度3,28
v_lqb,炉身下部22.30m冷却壁温度4,29
v_lqb,炉身下部22.30m冷却壁温度5,30
v_lqb,炉身下部22.30m冷却壁温度6,31
v_lqb,炉身下部22.30m冷却壁温度7,32
v_lqb,炉身下部22.30m冷却壁温度8,33
v_lqb,炉身下部22.30m冷却壁温度9,34
v_lqb,炉身下部22.30m冷却壁温度10,35
v_lqb,炉身下部22.30m冷却壁温度11,36
v_lqb,炉身下部22.30m冷却壁温度12,37
v_lqb,炉身中上部25.57m冷却壁温度1,38
v_lqb,炉身中上部25.57m冷却壁温度2,39
v_lqb,炉身中上部25.57m冷却壁温度3,40
v_lqb,炉身中上部25.57m冷却壁温度4,41
v_lqb,炉身中上部25.57m冷却壁温度5,42
v_lqb,炉身中上部25.57m冷却壁温度6,43
v_lqb,炉身中上部25.57m冷却壁温度7,44
v_lqb,炉身中上部25.57m冷却壁温度8,45
v_lqb,炉身中上部27.55m冷却壁温度1,46
v_lqb,炉身中上部27.55m冷却壁温度2,47
v_lqb,炉身中上部27.55m冷却壁温度3,48
v_lqb,炉身中上部27.55m冷却壁温度4,49
v_lqb,炉身中上部27.55m冷却壁温度5,50
v_lqb,炉身中上部27.55m冷却壁温度6,51
v_lqb,炉身中上部27.55m冷却壁温度7,52
v_lqb,炉身中上部27.55m冷却壁温度8,53
v_lqb,炉身中上部29.53m冷却壁温度1,54
v_lqb,炉身中上部29.53m冷却壁温度2,55
v_lqb,炉身中上部29.53m冷却壁温度3,56
v_lqb,炉身中上部29.53m冷却壁温度4,57
v_lqb,炉身中上部29.53m冷却壁温度5,58
v_lqb,炉身中上部29.53m冷却壁温度6,59
v_lqb,炉身中上部29.53m冷却壁温度7,60
v_lqb,炉身中上部29.53m冷却壁温度8,61
v_lqb,炉身中上部31.51m冷却壁温度1,62
v_lqb,炉身中上部31.51m冷却壁温度2,63
v_lqb,炉身中上部31.51m冷却壁温度3,64
v_lqb,炉身中上部31.51m冷却壁温度4,65
v_lqb,炉身中上部31.51m冷却壁温度5,66
v_lqb,炉身中上部31.51m冷却壁温度6,67
v_lqb,炉身中上部31.51m冷却壁温度7,68
v_lqb,炉身中上部31.51m冷却壁温度8,69
v_lqb,炉身中上部33.49m冷却壁温度1,70
v_lqb,炉身中上部33.49m冷却壁温度2,71
v_lqb,炉身中上部33.49m冷却壁温度3,72
v_lqb,炉身中上部33.49m冷却壁温度4,73
v_lqb,炉身中上部33.49m冷却壁温度5,74
v_lqb,炉身中上部33.49m冷却壁温度6,75
v_lqb,炉身中上部33.49m冷却壁温度7,76
v_lqb,炉身中上部33.49m冷却壁温度8,77
v_lqb,炉身中上部35.45m冷却壁温度1,78
v_lqb,炉身中上部35.45m冷却壁温度2,79
v_lqb,炉身中上部35.45m冷却壁温度3,80
v_lqb,炉身中上部35.45m冷却壁温度4,81
v_lqb,炉身中上部35.45m冷却壁温度5,82
v_lqb,炉身中上部35.45m冷却壁温度6,83
v_lqb,炉身中上部35.45m冷却壁温度7,84
v_lqb,炉身中上部35.45m冷却壁温度8,85
v_lqb,炉身中上部35.47m冷却壁温度1,86
v_lqb,炉身中上部35.47m冷却壁温度2,87
v_lqb,炉身中上部35.47m冷却壁温度3,88
v_lqb,炉身中上部35.47m冷却壁温度4,89
v_lqb,炉身中上部35.47m冷却壁温度5,90
v_lqb,炉身中上部35.47m冷却壁温度6,91
v_lqb,炉身中上部35.47m冷却壁温度7,92
v_lqb,炉身中上部35.47m冷却壁温度8,93
v_luzha,STOVENO,1
v_luzha,STOVE,2
v_luzha,SHIFT,3
v_luzha,SAMPLESOURCE,4
v_luzha,CHECKTIME,5
v_luzha,ITEMCOUNT,6
v_luzha,RECEIVETIME,7
v_luzha,SAVETIME,8
v_luzha,SIO2,9
v_luzha,CAO,10
v_luzha,MNO,11
v_luzha,MGO,12
v_luzha,TIO2,13
v_luzha,AL2O3,14
v_luzha,P2O5,15
v_luzha,K2O,16
v_luzha,NA2O,17
v_luzha,REGISTERDATE,18
v_luzha,LAB,19
v_luzha,R,20
v_luzha,FEO,21
v_luzha171221,MAT_SAMPLE_DATE,1
v_luzha171221,MAT_SAMPLE_NO,2
v_luzha171221,UNIT_NO,3
v_luzha171221,MAT_SAMPLE_SHIFT,4
v_luzha171221,MAT_SAMPLE_TEAM,5
v_luzha171221,R,6
v_luzha171221,MGO,7
v_luzha171221,TIO2,8
v_luzha171221,P2O5,9
v_luzha171221,CAO,10
v_luzha171221,NA2O,11
v_luzha171221,V2O5,12
v_luzha171221,MNO,13
v_luzha171221,K2O,14
v_luzha171221,AL2O3,15
v_luzha171221,FEO,16
v_luzha171221,SIO2,17
v_luzha171221,CR2O3,18
v_luzha171221,S,19
v_meifen,ID,1
v_meifen,CHECKDATE,2
v_meifen,DEPART,3
v_meifen,W,4
v_meifen,A,5
v_meifen,V,6
v_meifen,C,7
v_meifen,S,8
v_meifen,Grain,9
v_meifen,mu50,10
v_meifen,mu50100,11
v_meifen,mu100200,12
v_meifen,mu200320,13
v_meifen,mu320,14
v_meifen,Grindability,15
v_meifen,SHIFT,16
v_meifen,REGMAN,17
v_meifen,REGDATE,18
v_meifen,送检时间,19
v_meifen,着火点,20
v_meifen,化学反应性,21
v_meifen,发热值,22
v_meifen,灰熔点,23
v_meifen,燃烧率,24
v_meifen,备注,25
v_meifen,Vd,26
v_PMBXS,时间,1
v_PMBXS,半小时煤量,2
v_qiutuan,unit,1
v_qiutuan,ZYBH,2
v_qiutuan,MAT_SAMPLE_NO,3
v_qiutuan,MAT_SAMPLE_DATE,4
v_qiutuan,MAT_SAMPLE_SHIFT,5
v_qiutuan,As,6
v_qiutuan,Cr,7
v_qiutuan,Ni,8
v_qiutuan,Pb,9
v_qiutuan,R,10
v_qiutuan,ZG,11
v_qiutuan,Cu,12
v_qiutuan,MgO,13
v_qiutuan,P,14
v_qiutuan,SFZS,15
v_qiutuan,KY,16
v_qiutuan,TiO2,17
v_qiutuan,S16-25,18
v_qiutuan,CaO,19
v_qiutuan,Na2O,20
v_qiutuan,TFe,21
v_qiutuan,V2O5,22
v_qiutuan,S5-10,23
v_qiutuan,KM,24
v_qiutuan,ZGZS,25
v_qiutuan,K2O,26
v_qiutuan,MnO,27
v_qiutuan,R4,28
v_qiutuan,Zn,29
v_qiutuan,S+25,30
v_qiutuan,Al2O3,31
v_qiutuan,FeO,32
v_qiutuan,S,33
v_qiutuan,S10-16,34
v_qiutuan,SiO2,35
v_QJ1,时间,1
v_QJ1,静叶角度,2
v_QJ1,排气压力,3
v_QJ1,送风压力,4
v_QJ1,喉部差压1,5
v_QJ1,喉部差压2,6
v_QJ1,送风流量,7
v_QJ1,蒸汽流量,8
v_QJ1,汽机转速,9
v_QJ1,蒸汽压力,10
v_QJ1,蒸汽温度,11
v_QJ1,排汽温度,12
v_QJ1,真空度,13
v_QJ1,冷凝器水位1,14
v_QJ1,冷凝器水位2,15
v_QJ1,风机轴位移1,16
v_QJ1,风机轴位移2,17
v_QJ1,进气侧振动X,18
v_QJ1,进气侧振动Y,19
v_QJ1,排气侧振动X,20
v_QJ1,排气侧振动Y,21
v_QJ1,汽机轴位移1,22
v_QJ1,汽机轴位移2,23
v_QJ1,进汽侧振动X,24
v_QJ1,进汽侧振动Y,25
v_QJ1,排汽侧振动X,26
v_QJ1,排汽侧振动Y,27
v_QJ1,风机主推温度A,28
v_QJ1,风机主推温度B,29
v_QJ1,风机付推温度A,30
v_QJ1,风机付推温度B,31
v_QJ1,进气侧轴温A,32
v_QJ1,进气侧轴温B,33
v_QJ1,排气侧轴温A,34
v_QJ1,排气侧轴温B,35
v_QJ1,汽机主推温度A,36
v_QJ1,汽机主推温度B,37
v_QJ1,汽机付推温度A,38
v_QJ1,汽机付推温度B,39
v_QJ1,进汽侧轴温A,40
v_QJ1,进汽侧轴温B,41
v_QJ1,排汽侧轴温A,42
v_QJ1,排汽侧轴温B,43
v_QJ1,冷却器出口油温,44
v_QJ1,润滑油压力1,45
v_QJ1,润滑油压力2,46
v_QJ1,润滑油压力3,47
v_QJ1,速关油压,48
v_QJ1,调节油压,49
v_QJ1,二次油压,50
v_QJ1,动力油压力1,51
v_QJ1,动力油压力2,52
v_QJ1,动力油压力3,53
v_QJ1,润滑油箱液位,54
v_QJ1,润滑油液位,55
v_QJ1,动力油箱液位,56
v_QJ1,气源压力,57
v_QJ1,过滤器差压,58
v_QJ1,1#防喘手动控制,59
v_QJ1,1#防喘阀阀位,60
v_QJ1,动力油箱油温,61
v_QJ1,风机喉部差压,62
v_QJ1,防喘阀2#开度,63
v_QJ1,静叶手动阀调节设定值,64
v_QJ2,时间,1
v_QJ2,静叶角度,2
v_QJ2,排气压力,3
v_QJ2,送风压力,4
v_QJ2,喉部差压1,5
v_QJ2,喉部差压2,6
v_QJ2,送风流量,7
v_QJ2,蒸汽流量,8
v_QJ2,汽机转速,9
v_QJ2,蒸汽压力,10
v_QJ2,蒸汽温度,11
v_QJ2,排汽温度,12
v_QJ2,真空度,13
v_QJ2,冷凝器水位1,14
v_QJ2,冷凝器水位2,15
v_QJ2,风机轴位移1,16
v_QJ2,风机轴位移2,17
v_QJ2,进气侧振动X,18
v_QJ2,进气侧振动Y,19
v_QJ2,排气侧振动X,20
v_QJ2,排气侧振动Y,21
v_QJ2,汽机轴位移1,22
v_QJ2,汽机轴位移2,23
v_QJ2,进汽侧振动X,24
v_QJ2,进汽侧振动Y,25
v_QJ2,排汽侧振动X,26
v_QJ2,排汽侧振动Y,27
v_QJ2,风机主推温度A,28
v_QJ2,风机主推温度B,29
v_QJ2,风机付推温度A,30
v_QJ2,风机付推温度B,31
v_QJ2,进气侧轴温A,32
v_QJ2,进气侧轴温B,33
v_QJ2,排气侧轴温A,34
v_QJ2,排气侧轴温B,35
v_QJ2,汽机主推温度A,36
v_QJ2,汽机主推温度B,37
v_QJ2,汽机付推温度A,38
v_QJ2,汽机付推温度B,39
v_QJ2,进汽侧轴温A,40
v_QJ2,进汽侧轴温B,41
v_QJ2,排汽侧轴温A,42
v_QJ2,排汽侧轴温B,43
v_QJ2,冷却器出口油温,44
v_QJ2,润滑油压力1,45
v_QJ2,润滑油压力2,46
v_QJ2,润滑油压力3,47
v_QJ2,速关油压,48
v_QJ2,调节油压,49
v_QJ2,二次油压,50
v_QJ2,动力油压力1,51
v_QJ2,动力油压力2,52
v_QJ2,动力油压力3,53
v_QJ2,润滑油箱液位,54
v_QJ2,润滑油液位,55
v_QJ2,动力油箱液位,56
v_QJ2,气源压力,57
v_QJ2,过滤器差压,58
v_QJ2,1#防喘阀,59
v_QJ2,2#防喘阀,60
v_QJ2,进气温度,61
v_QJ2,排气温度,62
v_QJ2,送风温度,63
v_QJ2,静叶设定值,64
v_QJ2,预留7,65
v_QJ2,预留8,66
v_QJ2,预留9,67
v_QJ2,预留10,68
v_QJ2,预留11,69
v_QJ2,预留12,70
v_QJ2,预留13,71
v_QJ2,预留14,72
v_QJ2,预留15,73
v_QJ2,预留16,74
v_QJ2,预留17,75
v_QJ2,预留18,76
v_QJ2,预留19,77
v_QJ2,预留20,78
v_QJ2,预留21,79
v_QJ2,预留22,80
v_QJ2,预留23,81
v_QJ2,预留24,82
v_QJ2,预留25,83
v_QJ2,预留26,84
v_QJ2,预留27,85
v_QJ2,预留28,86
v_QJ2,预留29,87
v_QJ2,预留30,88
v_QJ2,预留31,89
v_QJ2,预留32,90
v_QJ2,预留33,91
v_QJ2,预留34,92
v_QJ2,预留35,93
v_QJ2,预留36,94
v_QJ2,预留37,95
v_QJ2,预留38,96
v_QJ2,预留39,97
v_QJ2,预留40,98
v_QJ2,预留41,99
v_QJ2,预留42,100
v_QJ2,预留43,101
v_QJ2,预留44,102
v_QJ2,预留45,103
v_QJ2,预留46,104
v_QJ2,预留47,105
v_QJ2,预留48,106
v_QJ2,预留49,107
v_QJ2,预留50,108
v_shaojie,unit,1
v_shaojie,ZYBH,2
v_shaojie,MAT_SAMPLE_NO,3
v_shaojie,MAT_SAMPLE_DATE,4
v_shaojie,MAT_SAMPLE_TIME,5
v_shaojie,MAT_SAMPLE_SHIFT,6
v_shaojie,As,7
v_shaojie,Cr,8
v_shaojie,Ni,9
v_shaojie,Pb,10
v_shaojie,R,11
v_shaojie,Cu,12
v_shaojie,MgO,13
v_shaojie,P,14
v_shaojie,SFZS,15
v_shaojie,TiO2,16
v_shaojie,CaO,17
v_shaojie,Na2O,18
v_shaojie,S+40,19
v_shaojie,TFe,20
v_shaojie,V2O5,21
v_shaojie,ZGZS,22
v_shaojie,K2O,23
v_shaojie,MnO,24
v_shaojie,R4,25
v_shaojie,S-10,26
v_shaojie,Zn,27
v_shaojie,Al2O3,28
v_shaojie,FeO,29
v_shaojie,S,30
v_shaojie,SiO2,31
v_shaojieqiutuan,ASSAYNO,1
v_shaojieqiutuan,SAMPLENO,2
v_shaojieqiutuan,CHECKPROGRAM,3
v_shaojieqiutuan,SHIFT,4
v_shaojieqiutuan,WORKER,5
v_shaojieqiutuan,CHECKTIME,6
v_shaojieqiutuan,MACHINENAME,7
v_shaojieqiutuan,ELEMENTCOUNT,8
v_shaojieqiutuan,SIO2,9
v_shaojieqiutuan,TFE,10
v_shaojieqiutuan,S,11
v_shaojieqiutuan,P,12
v_shaojieqiutuan,PB,13
v_shaojieqiutuan,ZN,14
v_shaojieqiutuan,ASS,15
v_shaojieqiutuan,AL2O3,16
v_shaojieqiutuan,TIO2,17
v_shaojieqiutuan,CAO,18
v_shaojieqiutuan,MGO,19
v_shaojieqiutuan,MNO,20
v_shaojieqiutuan,K2O,21
v_shaojieqiutuan,NA2O,22
v_shaojieqiutuan,R,23
v_shaojieqiutuan,RECEIVETIME,24
v_shaojieqiutuan,SAVETIME,25
v_shaojieqiutuan,REGISTERDATE,26
v_shaojieqiutuan,LAB,27
v_shaojieqiutuan,P2O5,28
v_shaojieqiutuan,V2O5,29
v_shaojieqiutuan,DATATYPE,30
v_shaojieqiutuan,FEO,31
v_shaojieqiutuan,CONSIGNDEPT,32
v_shaojieqiutuan,DATAKIND,33
v_shaojieqiutuan,FE2O3,34
v_shaojieqiutuan,CAANDMG,35
v_shaojieqiutuan,PUBLISHFLAG,36
v_shaojieqiutuan,OPERATOR,37
v_shaojieqiutuan,ASSESSFLAG,38
v_swc,时间,1
v_swc,温差1,2
v_swc,温差2,3
v_swc,温差3,4
v_swc,温差4,5
v_swc,温差5,6
v_swc,温差6,7
v_swc,温差7,8
v_swc,温差8,9
v_swc,温差9,10
v_swc,温差10,11
v_swc,温差11,12
v_swc,温差12,13
v_swc,温差13,14
v_swc,温差14,15
v_swc,温差15,16
v_swc,温差16,17
v_swc,温差17,18
v_swc,温差18,19
v_swc,温差19,20
v_swc,温差20,21
v_swc,温差21,22
v_swc,温差22,23
v_swc,温差23,24
v_swc,温差24,25
v_swc,温差25,26
v_swc,温差26,27
v_swc,温差27,28
v_swc,温差28,29
v_swc,温差29,30
v_swc,温差30,31
v_swc,预留1,32
v_swc,预留2,33
v_swc,预留3,34
v_swc,预留4,35
v_swc,预留5,36
v_swc,预留6,37
v_swc,预留7,38
v_swc,预留8,39
v_swc,预留9,40
v_swc,预留10,41
v_szcw,时间,1
v_szcw,十字测温1,2
v_szcw,十字测温2,3
v_szcw,十字测温3,4
v_szcw,十字测温4,5
v_szcw,十字测温5,6
v_szcw,十字测温6,7
v_szcw,十字测温7,8
v_szcw,十字测温8,9
v_szcw,十字测温9,10
v_szcw,十字测温10,11
v_szcw,十字测温11,12
v_szcw,十字测温12,13
v_szcw,十字测温13,14
v_szcw,十字测温14,15
v_szcw,十字测温15,16
v_szcw,十字测温16,17
v_szcw,十字测温17,18
v_szcw,十字测温18,19
v_szcw,十字测温19,20
v_szcw,十字测温20,21
v_szcw,十字测温21,22
v_szcw,十字测温22,23
v_T_SWC2,时间,1
v_T_SWC2,管号,2
v_T_SWC2,出水温度,3
v_T_SWC2,水温差,4
v_T_SWC2,热流强度,5
v_T_SWC2_ll,时间,1
v_T_SWC2_ll,管号,2
v_T_SWC2_ll,流量,3
v_tclx,时间,1
v_tclx,T1,2
v_tclx,T2,3
v_tclx,T3,4
v_tclx,T4,5
v_tclxss,时间,1
v_tclxss,T1,2
v_tclxss,T2,3
v_tclxss,T3,4
v_tclxss,T4,5
v_tiekouhao,高炉号,1
v_tiekouhao,炉批号,2
v_tiekouhao,铁口号,3
v_TRT,时间,1
v_TRT,静叶角度,2
v_TRT,顶压设定,3
v_TRT,顶压1,4
v_TRT,顶压2,5
v_TRT,煤气入口压力,6
v_TRT,煤气进口压力,7
v_TRT,煤气进口温度,8
v_TRT,煤气流量,9
v_TRT,轴位移1,10
v_TRT,轴位移2,11
v_TRT,进气侧振动X,12
v_TRT,进气侧振动Y,13
v_TRT,排气侧振动X,14
v_TRT,排气侧振动Y,15
v_TRT,发电机轴振动A,16
v_TRT,发电机轴振动B,17
v_TRT,主推温度A,18
v_TRT,主推温度B,19
v_TRT,付推温度A,20
v_TRT,付推温度B,21
v_TRT,进气侧轴温A,22
v_TRT,进气侧轴温B,23
v_TRT,排气侧轴温A,24
v_TRT,排气侧轴温B,25
v_TRT,发电机轴温A,26
v_TRT,发电机轴温B,27
v_TRT,发电机定子温度A,28
v_TRT,发电机定子温度B,29
v_TRT,发电机定子温度C,30
v_TRT,冷却器出口油温,31
v_TRT,润滑油压力1,32
v_TRT,润滑油压力2,33
v_TRT,润滑油压力3,34
v_TRT,动力油压力1,35
v_TRT,动力油压力2,36
v_TRT,动力油压力3,37
v_TRT,润滑油箱液位,38
v_TRT,动力油箱液位,39
v_TRT,氮气压力,40
v_TRT,氮气流量,41
v_TRT,有功功率,42
v_TRT,发电机电压,43
v_TRT,发电机电流A,44
v_TRT,发电机电流B,45
v_TRT,发电机电流C,46
v_TRT,减压阀FV401,47
v_TRT,减压阀FV402,48
v_TRT,减压阀FV403,49
v_TRT,快切阀动力油压力,50
v_TRT,旁通阀FV106开度,51
v_TRT,旁通阀FV107开度,52
v_TRT,透平入口压力,53
v_TRT,透平入口温度,54
v_TRT,润滑油站油箱温度,55
v_TRT,动力油站油箱温度,56
v_TRT,静叶开度设定,57
v_TRT,106旁通阀开度设定,58
v_TRT,107旁通阀开度设定,59
v_TRT,发电机前轴振动,60
v_TRT,发电机后轴振动,61
v_TRT,透平转速1,62
v_TRT,透平转速2,63
v_TRT,透平转速3,64
v_TRT,透平转速4,65
v_TRT,透平转速5,66
v_TRT,煤气含尘量,67
v_TRT,快切阀压力,68
v_TRT,润滑油总管温度,69
v_TRT,TRT电机定子温度1,70
v_TRT,TRT电机定子温度2,71
v_TRT,TRT电机定子温度3,72
v_TRT,TRT电机定子温度4,73
v_TRT,TRT电机定子温度5,74
v_TRT,TRT电机定子温度6,75
v_TRT,发电机铁芯温度1,76
v_TRT,发电机铁芯温度2,77
v_TRT,发电机铁芯温度3,78
v_TRT,发电机铁芯温度4,79
v_TRT,发电机铁芯温度5,80
v_TRT,发电机铁芯温度6,81
v_TRT_1A,时间,1
v_TRT_1A,静叶角度,2
v_TRT_1A,顶压设定,3
v_TRT_1A,顶压1,4
v_TRT_1A,顶压2,5
v_TRT_1A,煤气入口压力,6
v_TRT_1A,煤气进口压力,7
v_TRT_1A,煤气进口温度,8
v_TRT_1A,煤气流量,9
v_TRT_1A,轴位移1,10
v_TRT_1A,轴位移2,11
v_TRT_1A,进气侧振动X,12
v_TRT_1A,进气侧振动Y,13
v_TRT_1A,排气侧振动X,14
v_TRT_1A,排气侧振动Y,15
v_TRT_1A,发电机轴振动A,16
v_TRT_1A,发电机轴振动B,17
v_TRT_1A,主推温度A,18
v_TRT_1A,主推温度B,19
v_TRT_1A,付推温度A,20
v_TRT_1A,付推温度B,21
v_TRT_1A,进气侧轴温A,22
v_TRT_1A,进气侧轴温B,23
v_TRT_1A,排气侧轴温A,24
v_TRT_1A,排气侧轴温B,25
v_TRT_1A,发电机轴温A,26
v_TRT_1A,发电机轴温B,27
v_TRT_1A,发电机定子温度A,28
v_TRT_1A,发电机定子温度B,29
v_TRT_1A,发电机定子温度C,30
v_TRT_1A,冷却器出口油温,31
v_TRT_1A,润滑油压力1,32
v_TRT_1A,润滑油压力2,33
v_TRT_1A,润滑油压力3,34
v_TRT_1A,动力油压力1,35
v_TRT_1A,动力油压力2,36
v_TRT_1A,动力油压力3,37
v_TRT_1A,润滑油箱液位,38
v_TRT_1A,动力油箱液位,39
v_TRT_1A,氮气压力,40
v_TRT_1A,氮气流量,41
v_TRT_1A,有功功率,42
v_TRT_1A,发电机电压,43
v_TRT_1A,发电机电流A,44
v_TRT_1A,发电机电流B,45
v_TRT_1A,发电机电流C,46
v_TRT_1A,预留1,47
v_TRT_1A,预留2,48
v_TRT_1A,预留3,49
v_TRT_1A,预留4,50
v_TRT_1A,预留5,51
v_TRT_1A,预留6,52
v_TRT_1A,预留7,53
v_TRT_1A,预留8,54
v_TRT_1A,预留9,55
v_TRT_1A,预留10,56
v_TRT_1A,预留11,57
v_TRT_1A,预留12,58
v_TRT_1A,预留13,59
v_TRT_1A,预留14,60
v_TRT_1A,预留15,61
v_TRT_1A,预留16,62
v_TRT_1A,预留17,63
v_TRT_1A,预留18,64
v_TRT_1A,预留19,65
v_TRT_1A,预留20,66
v_TRT_1A,预留21,67
v_TRT_1A,预留22,68
v_TRT_1A,预留23,69
v_TRT_1A,预留24,70
v_TRT_1A,预留25,71
v_TRT_1A,预留26,72
v_TRT_1A,预留27,73
v_TRT_1A,预留28,74
v_TRT_1A,预留29,75
v_TRT_1A,预留30,76
v_TRT_1A,预留31,77
v_TRT_1A,预留32,78
v_TRT_1A,预留33,79
v_TRT_1A,预留34,80
v_TRT_1A,预留35,81
v_TRT_1A,预留36,82
v_TRT_1A,预留37,83
v_TRT_1A,预留38,84
v_TRT_1A,预留39,85
v_TRT_1A,预留40,86
v_TRT_1A,预留41,87
v_TRT_1A,预留42,88
v_TRT_1A,预留43,89
v_TRT_1A,预留44,90
v_TRT_1A,预留45,91
v_TRT_1A,预留46,92
v_TRT_1A,预留47,93
v_TRT_1A,预留48,94
v_TRT_1A,预留49,95
v_TRT_1A,预留50,96
v_TRT_1B,时间,1
v_TRT_1B,静叶角度,2
v_TRT_1B,顶压设定,3
v_TRT_1B,顶压1,4
v_TRT_1B,顶压2,5
v_TRT_1B,煤气入口压力,6
v_TRT_1B,煤气进口压力,7
v_TRT_1B,煤气进口温度,8
v_TRT_1B,煤气流量,9
v_TRT_1B,轴位移1,10
v_TRT_1B,轴位移2,11
v_TRT_1B,进气侧振动X,12
v_TRT_1B,进气侧振动Y,13
v_TRT_1B,排气侧振动X,14
v_TRT_1B,排气侧振动Y,15
v_TRT_1B,发电机轴振动A,16
v_TRT_1B,发电机轴振动B,17
v_TRT_1B,主推温度A,18
v_TRT_1B,主推温度B,19
v_TRT_1B,付推温度A,20
v_TRT_1B,付推温度B,21
v_TRT_1B,进气侧轴温A,22
v_TRT_1B,进气侧轴温B,23
v_TRT_1B,排气侧轴温A,24
v_TRT_1B,排气侧轴温B,25
v_TRT_1B,发电机轴温A,26
v_TRT_1B,发电机轴温B,27
v_TRT_1B,发电机定子温度A,28
v_TRT_1B,发电机定子温度B,29
v_TRT_1B,发电机定子温度C,30
v_TRT_1B,冷却器出口油温,31
v_TRT_1B,润滑油压力1,32
v_TRT_1B,润滑油压力2,33
v_TRT_1B,润滑油压力3,34
v_TRT_1B,动力油压力1,35
v_TRT_1B,动力油压力2,36
v_TRT_1B,动力油压力3,37
v_TRT_1B,润滑油箱液位,38
v_TRT_1B,动力油箱液位,39
v_TRT_1B,氮气压力,40
v_TRT_1B,氮气流量,41
v_TRT_1B,有功功率,42
v_TRT_1B,发电机电压,43
v_TRT_1B,发电机电流A,44
v_TRT_1B,发电机电流B,45
v_TRT_1B,发电机电流C,46
v_TRT_1B,预留1,47
v_TRT_1B,预留2,48
v_TRT_1B,预留3,49
v_TRT_1B,预留4,50
v_TRT_1B,预留5,51
v_TRT_1B,预留6,52
v_TRT_1B,预留7,53
v_TRT_1B,预留8,54
v_TRT_1B,预留9,55
v_TRT_1B,预留10,56
v_TRT_1B,预留11,57
v_TRT_1B,预留12,58
v_TRT_1B,预留13,59
v_TRT_1B,预留14,60
v_TRT_1B,预留15,61
v_TRT_1B,预留16,62
v_TRT_1B,预留17,63
v_TRT_1B,预留18,64
v_TRT_1B,预留19,65
v_TRT_1B,预留20,66
v_TRT_1B,预留21,67
v_TRT_1B,预留22,68
v_TRT_1B,预留23,69
v_TRT_1B,预留24,70
v_TRT_1B,预留25,71
v_TRT_1B,预留26,72
v_TRT_1B,预留27,73
v_TRT_1B,预留28,74
v_TRT_1B,预留29,75
v_TRT_1B,预留30,76
v_TRT_1B,预留31,77
v_TRT_1B,预留32,78
v_TRT_1B,预留33,79
v_TRT_1B,预留34,80
v_TRT_1B,预留35,81
v_TRT_1B,预留36,82
v_TRT_1B,预留37,83
v_TRT_1B,预留38,84
v_TRT_1B,预留39,85
v_TRT_1B,预留40,86
v_TRT_1B,预留41,87
v_TRT_1B,预留42,88
v_TRT_1B,预留43,89
v_TRT_1B,预留44,90
v_TRT_1B,预留45,91
v_TRT_1B,预留46,92
v_TRT_1B,预留47,93
v_TRT_1B,预留48,94
v_TRT_1B,预留49,95
v_TRT_1B,预留50,96
v_TRT_2,时间,1
v_TRT_2,静叶角度,2
v_TRT_2,顶压设定,3
v_TRT_2,顶压1,4
v_TRT_2,顶压2,5
v_TRT_2,煤气入口压力,6
v_TRT_2,煤气进口压力,7
v_TRT_2,煤气进口温度,8
v_TRT_2,煤气流量,9
v_TRT_2,轴位移1,10
v_TRT_2,轴位移2,11
v_TRT_2,进气侧振动X,12
v_TRT_2,进气侧振动Y,13
v_TRT_2,排气侧振动X,14
v_TRT_2,排气侧振动Y,15
v_TRT_2,透平机出平压力,16
v_TRT_2,透平机出口温度,17
v_TRT_2,主推温度A,18
v_TRT_2,主推温度B,19
v_TRT_2,付推温度A,20
v_TRT_2,付推温度B,21
v_TRT_2,进气侧轴温A,22
v_TRT_2,进气侧轴温B,23
v_TRT_2,排气侧轴温A,24
v_TRT_2,排气侧轴温B,25
v_TRT_2,发电机轴温A,26
v_TRT_2,发电机轴温B,27
v_TRT_2,发电机定子温度A,28
v_TRT_2,发电机定子温度B,29
v_TRT_2,发电机定子温度C,30
v_TRT_2,冷却器出口油温,31
v_TRT_2,润滑油压力1,32
v_TRT_2,动力油压力1,33
v_TRT_2,润滑油箱液位,34
v_TRT_2,动力油箱液位,35
v_TRT_2,氮气流量,36
v_TRT_2,有功功率,37
v_TRT_2,减压阀FV401,38
v_TRT_2,减压阀FV402,39
v_TRT_2,减压阀FV403,40
v_TRT_2,快切阀动力油压力,41
v_TRT_2,旁通阀FV106开度,42
v_TRT_2,旁通阀FV107开度,43
v_TRT_2,透平入口压力,44
v_TRT_2,透平入口温度,45
v_TRT_2,润滑油站油箱温度,46
v_TRT_2,动力油站油箱温度,47
v_TRT_2,静叶开度设定,48
v_TRT_2,旁通阀106开度设定,49
v_TRT_2,旁通阀107开度设定,50
v_TRT_2,发电机前轴振动,51
v_TRT_2,发电机后轴振动,52
v_TRT_2,透平转速1,53
v_TRT_2,透平转速2,54
v_TRT_2,透平转速3,55
v_TRT_2,透平转速4,56
v_TRT_2,透平转速5,57
v_TRT_2,煤气含尘量,58
v_TRT_2,快切阀压力,59
v_TRT_2,润滑油总管温度,60
v_TRT_2,TRT电机定子温度1,61
v_TRT_2,TRT电机定子温度2,62
v_TRT_2,TRT电机定子温度3,63
v_TRT_2,TRT电机定子温度4,64
v_TRT_2,TRT电机定子温度5,65
v_TRT_2,TRT电机定子温度6,66
v_TRT_2,发电机铁芯温度1,67
v_TRT_2,发电机铁芯温度2,68
v_TRT_2,发电机铁芯温度3,69
v_TRT_2,发电机铁芯温度4,70
v_TRT_2,发电机铁芯温度5,71
v_TRT_2,发电机铁芯温度6,72
v_TRT_2,顶压测量值3,73
v_TRT_2,顶压调节范围,74
v_TRT_2,热风压力值,75
v_TRT_2,减压阀V405开度,76
v_TRT_2,发电机无功功率,77
v_TRT_2,发电机电压AB,78
v_TRT_2,发电机电压BC,79
v_TRT_2,发电机电压CA,80
v_TRT_2,发电机电压AN,81
v_TRT_2,发电机电压BN,82
v_TRT_2,发电机电压CN,83
v_TRT_2,发电机电流A,84
v_TRT_2,发电机电流B,85
v_TRT_2,发电机电流C,86
v_TRT_2,励磁电流,87
v_TRT_2,励磁电压,88
v_TRT_2,励磁瓦温,89
v_TRT_2,入口蝶阀开到位,90
v_TRT_2,入口蝶阀关到位,91
v_TRT_2,入口插板阀开到位,92
v_TRT_2,入口插板阀关到位,93
v_TRT_2,出口蝶阀开到位,94
v_TRT_2,出口蝶阀关到位,95
v_TRT_2,出口插板阀开到位,96
v_TRT_2,出口插板阀关到位,97
v_TRT_2,快切阀开到位,98
v_TRT_2,快切阀关到位,99
v_TRT_2,CO浓度1,100
v_TRT_2,CO浓度2,101
v_TRT_2,CO浓度3,102
v_TRT_2,CO浓度4,103
v_TRT_2,CO浓度5,104
v_TRT_2,CO浓度6,105
v_TRT_2,CO浓度7,106
v_TRT_2,CO浓度8,107
v_TRT_3,时间,1
v_TRT_3,静叶角度,2
v_TRT_3,顶压设定,3
v_TRT_3,顶压1,4
v_TRT_3,顶压2,5
v_TRT_3,煤气入口压力,6
v_TRT_3,煤气进口压力,7
v_TRT_3,煤气进口温度,8
v_TRT_3,煤气流量,9
v_TRT_3,轴位移1,10
v_TRT_3,轴位移2,11
v_TRT_3,进气侧振动X,12
v_TRT_3,进气侧振动Y,13
v_TRT_3,排气侧振动X,14
v_TRT_3,排气侧振动Y,15
v_TRT_3,发电机轴振动A,16
v_TRT_3,发电机轴振动B,17
v_TRT_3,主推温度A,18
v_TRT_3,主推温度B,19
v_TRT_3,付推温度A,20
v_TRT_3,付推温度B,21
v_TRT_3,进气侧轴温A,22
v_TRT_3,进气侧轴温B,23
v_TRT_3,排气侧轴温A,24
v_TRT_3,排气侧轴温B,25
v_TRT_3,发电机轴温A,26
v_TRT_3,发电机轴温B,27
v_TRT_3,发电机定子温度A,28
v_TRT_3,发电机定子温度B,29
v_TRT_3,发电机定子温度C,30
v_TRT_3,冷却器出口油温,31
v_TRT_3,润滑油压力1,32
v_TRT_3,润滑油压力2,33
v_TRT_3,润滑油压力3,34
v_TRT_3,动力油压力1,35
v_TRT_3,动力油压力2,36
v_TRT_3,动力油压力3,37
v_TRT_3,润滑油箱液位,38
v_TRT_3,动力油箱液位,39
v_TRT_3,氮气压力,40
v_TRT_3,氮气流量,41
v_TRT_3,有功功率,42
v_TRT_3,发电机电压,43
v_TRT_3,发电机电流A,44
v_TRT_3,发电机电流B,45
v_TRT_3,发电机电流C,46
v_TRT_3,预留1,47
v_TRT_3,预留2,48
v_TRT_3,预留3,49
v_TRT_3,预留4,50
v_TRT_3,预留5,51
v_TRT_3,预留6,52
v_TRT_3,预留7,53
v_TRT_3,预留8,54
v_TRT_3,预留9,55
v_TRT_3,预留10,56
v_TRT_3,预留11,57
v_TRT_3,预留12,58
v_TRT_3,预留13,59
v_TRT_3,预留14,60
v_TRT_3,预留15,61
v_TRT_3,预留16,62
v_TRT_3,预留17,63
v_TRT_3,预留18,64
v_TRT_3,预留19,65
v_TRT_3,预留20,66
v_TRT_3,预留21,67
v_TRT_3,预留22,68
v_TRT_3,预留23,69
v_TRT_3,预留24,70
v_TRT_3,预留25,71
v_TRT_3,预留26,72
v_TRT_3,预留27,73
v_TRT_3,预留28,74
v_TRT_3,预留29,75
v_TRT_3,预留30,76
v_TRT_3,预留31,77
v_TRT_3,预留32,78
v_TRT_3,预留33,79
v_TRT_3,预留34,80
v_TRT_3,预留35,81
v_TRT_3,预留36,82
v_TRT_3,预留37,83
v_TRT_3,预留38,84
v_TRT_3,预留39,85
v_TRT_3,预留40,86
v_TRT_3,预留41,87
v_TRT_3,预留42,88
v_TRT_3,预留43,89
v_TRT_3,预留44,90
v_TRT_3,预留45,91
v_TRT_3,预留46,92
v_TRT_3,预留47,93
v_TRT_3,预留48,94
v_TRT_3,预留49,95
v_TRT_3,预留50,96
v_TRT_4,时间,1
v_TRT_4,静叶角度,2
v_TRT_4,顶压设定,3
v_TRT_4,顶压1,4
v_TRT_4,顶压2,5
v_TRT_4,煤气入口压力,6
v_TRT_4,煤气进口压力,7
v_TRT_4,煤气进口温度,8
v_TRT_4,煤气流量,9
v_TRT_4,轴位移1,10
v_TRT_4,轴位移2,11
v_TRT_4,进气侧振动X,12
v_TRT_4,进气侧振动Y,13
v_TRT_4,排气侧振动X,14
v_TRT_4,排气侧振动Y,15
v_TRT_4,发电机轴振动A,16
v_TRT_4,发电机轴振动B,17
v_TRT_4,主推温度A,18
v_TRT_4,主推温度B,19
v_TRT_4,付推温度A,20
v_TRT_4,付推温度B,21
v_TRT_4,进气侧轴温A,22
v_TRT_4,进气侧轴温B,23
v_TRT_4,排气侧轴温A,24
v_TRT_4,排气侧轴温B,25
v_TRT_4,发电机轴温A,26
v_TRT_4,发电机轴温B,27
v_TRT_4,发电机定子温度A,28
v_TRT_4,发电机定子温度B,29
v_TRT_4,发电机定子温度C,30
v_TRT_4,冷却器出口油温,31
v_TRT_4,润滑油压力1,32
v_TRT_4,润滑油压力2,33
v_TRT_4,润滑油压力3,34
v_TRT_4,动力油压力1,35
v_TRT_4,动力油压力2,36
v_TRT_4,动力油压力3,37
v_TRT_4,润滑油箱液位,38
v_TRT_4,动力油箱液位,39
v_TRT_4,氮气压力,40
v_TRT_4,氮气流量,41
v_TRT_4,有功功率,42
v_TRT_4,发电机电压,43
v_TRT_4,发电机电流A,44
v_TRT_4,发电机电流B,45
v_TRT_4,发电机电流C,46
v_TRT_4,预留1,47
v_TRT_4,预留2,48
v_TRT_4,预留3,49
v_TRT_4,预留4,50
v_TRT_4,预留5,51
v_TRT_4,预留6,52
v_TRT_4,预留7,53
v_TRT_4,预留8,54
v_TRT_4,预留9,55
v_TRT_4,预留10,56
v_TRT_4,预留11,57
v_TRT_4,预留12,58
v_TRT_4,预留13,59
v_TRT_4,预留14,60
v_TRT_4,预留15,61
v_TRT_4,预留16,62
v_TRT_4,预留17,63
v_TRT_4,预留18,64
v_TRT_4,预留19,65
v_TRT_4,预留20,66
v_TRT_4,预留21,67
v_TRT_4,预留22,68
v_TRT_4,预留23,69
v_TRT_4,预留24,70
v_TRT_4,预留25,71
v_TRT_4,预留26,72
v_TRT_4,预留27,73
v_TRT_4,预留28,74
v_TRT_4,预留29,75
v_TRT_4,预留30,76
v_TRT_4,预留31,77
v_TRT_4,预留32,78
v_TRT_4,预留33,79
v_TRT_4,预留34,80
v_TRT_4,预留35,81
v_TRT_4,预留36,82
v_TRT_4,预留37,83
v_TRT_4,预留38,84
v_TRT_4,预留39,85
v_TRT_4,预留40,86
v_TRT_4,预留41,87
v_TRT_4,预留42,88
v_TRT_4,预留43,89
v_TRT_4,预留44,90
v_TRT_4,预留45,91
v_TRT_4,预留46,92
v_TRT_4,预留47,93
v_TRT_4,预留48,94
v_TRT_4,预留49,95
v_TRT_4,预留50,96
v_TRT_5,时间,1
v_TRT_5,静叶角度,2
v_TRT_5,顶压设定,3
v_TRT_5,顶压1,4
v_TRT_5,顶压2,5
v_TRT_5,煤气入口压力,6
v_TRT_5,煤气进口压力,7
v_TRT_5,煤气进口温度,8
v_TRT_5,煤气流量,9
v_TRT_5,轴位移1,10
v_TRT_5,轴位移2,11
v_TRT_5,进气侧振动X,12
v_TRT_5,进气侧振动Y,13
v_TRT_5,排气侧振动X,14
v_TRT_5,排气侧振动Y,15
v_TRT_5,发电机轴振动A,16
v_TRT_5,发电机轴振动B,17
v_TRT_5,主推温度A,18
v_TRT_5,主推温度B,19
v_TRT_5,付推温度A,20
v_TRT_5,付推温度B,21
v_TRT_5,进气侧轴温A,22
v_TRT_5,进气侧轴温B,23
v_TRT_5,排气侧轴温A,24
v_TRT_5,排气侧轴温B,25
v_TRT_5,发电机轴温A,26
v_TRT_5,发电机轴温B,27
v_TRT_5,发电机定子温度A,28
v_TRT_5,发电机定子温度B,29
v_TRT_5,发电机定子温度C,30
v_TRT_5,冷却器出口油温,31
v_TRT_5,润滑油压力1,32
v_TRT_5,润滑油压力2,33
v_TRT_5,润滑油压力3,34
v_TRT_5,动力油压力1,35
v_TRT_5,动力油压力2,36
v_TRT_5,动力油压力3,37
v_TRT_5,润滑油箱液位,38
v_TRT_5,动力油箱液位,39
v_TRT_5,氮气压力,40
v_TRT_5,氮气流量,41
v_TRT_5,有功功率,42
v_TRT_5,发电机电压,43
v_TRT_5,发电机电流A,44
v_TRT_5,发电机电流B,45
v_TRT_5,发电机电流C,46
v_TRT_5,减压阀FV401,47
v_TRT_5,减压阀FV402,48
v_TRT_5,减压阀FV403,49
v_TRT_5,减压阀FV405,50
v_TRT_5,快切阀动力油压力,51
v_TRT_5,旁通阀FV106开度,52
v_TRT_5,旁通阀FV107开度,53
v_TRT_5,透平入口压力,54
v_TRT_5,透平入口温度,55
v_TRT_5,润滑油站油箱温度,56
v_TRT_5,动力油站油箱温度,57
v_TRT_5,静叶开度设定,58
v_TRT_5,106旁通阀开度设定,59
v_TRT_5,107旁通阀开度设定,60
v_TRT_5,发电机前轴振动,61
v_TRT_5,发电机后轴振动,62
v_TRT_5,透平转速1,63
v_TRT_5,透平转速2,64
v_TRT_5,煤气含尘量,65
v_TRT_5,快切阀压力,66
v_TRT_5,润滑油总管温度,67
v_TRT_5,TRT电机定子温度1,68
v_TRT_5,TRT电机定子温度2,69
v_TRT_5,TRT电机定子温度3,70
v_TRT_5,TRT电机定子温度4,71
v_TRT_5,发电机铁芯温度1,72
v_TRT_5,发电机铁芯温度2,73
v_TRT_5,发电机铁芯温度3,74
v_TRT_5,发电机铁芯温度4,75
v_TRT_5,热风压力值,76
v_TRT_5,发电机电压AB,77
v_TRT_5,发电机电压BC,78
v_TRT_5,发电机电压CA,79
v_TRT_5,入口蝶阀开到位,80
v_TRT_5,入口蝶阀关到位,81
v_TRT_5,入口插板阀开到位,82
v_TRT_5,入口插板阀关到位,83
v_TRT_5,出口蝶阀开到位,84
v_TRT_5,出口蝶阀关到位,85
v_TRT_5,出口插板阀开到位,86
v_TRT_5,出口插板阀关到位,87
v_TRT_5,快切阀开到位,88
v_TRT_5,快切阀关到位,89
v_TRT_5,CO浓度1,90
v_TRT_5,CO浓度2,91
v_TRT_5,CO浓度3,92
v_TRT_5,CO浓度4,93
v_TRT_5,CO浓度5,94
v_TRT_5,预留49,95
v_TRT_5,预留50,96
v_TRT_6,时间,1
v_TRT_6,静叶角度,2
v_TRT_6,顶压设定,3
v_TRT_6,顶压1,4
v_TRT_6,顶压2,5
v_TRT_6,煤气入口压力,6
v_TRT_6,煤气进口压力,7
v_TRT_6,煤气进口温度,8
v_TRT_6,煤气流量,9
v_TRT_6,轴位移1,10
v_TRT_6,轴位移2,11
v_TRT_6,进气侧振动X,12
v_TRT_6,进气侧振动Y,13
v_TRT_6,排气侧振动X,14
v_TRT_6,排气侧振动Y,15
v_TRT_6,发电机轴振动A,16
v_TRT_6,发电机轴振动B,17
v_TRT_6,主推温度A,18
v_TRT_6,主推温度B,19
v_TRT_6,付推温度A,20
v_TRT_6,付推温度B,21
v_TRT_6,进气侧轴温A,22
v_TRT_6,进气侧轴温B,23
v_TRT_6,排气侧轴温A,24
v_TRT_6,排气侧轴温B,25
v_TRT_6,发电机轴温A,26
v_TRT_6,发电机轴温B,27
v_TRT_6,发电机定子温度A,28
v_TRT_6,发电机定子温度B,29
v_TRT_6,发电机定子温度C,30
v_TRT_6,冷却器出口油温,31
v_TRT_6,润滑油压力1,32
v_TRT_6,润滑油压力2,33
v_TRT_6,润滑油压力3,34
v_TRT_6,动力油压力1,35
v_TRT_6,动力油压力2,36
v_TRT_6,动力油压力3,37
v_TRT_6,润滑油箱液位,38
v_TRT_6,动力油箱液位,39
v_TRT_6,氮气压力,40
v_TRT_6,氮气流量,41
v_TRT_6,有功功率,42
v_TRT_6,发电机电压,43
v_TRT_6,发电机电流A,44
v_TRT_6,发电机电流B,45
v_TRT_6,发电机电流C,46
v_TRT_6,静叶开度设定,47
v_TRT_6,透平入口压力,48
v_TRT_6,透平入口温度,49
v_TRT_6,透平机转速1,50
v_TRT_6,CO浓度测点1,51
v_TRT_6,CO浓度测点2,52
v_TRT_6,CO浓度测点3,53
v_TRT_6,CO浓度测点4,54
v_TRT_6,CO浓度测点5,55
v_TRT_6,减压阀开度FV401,56
v_TRT_6,减压阀开度FV402,57
v_TRT_6,减压阀开度FV403,58
v_TRT_6,减压阀开度FV405,59
v_TRT_6,106旁通阀开度,60
v_TRT_6,107旁通阀开度,61
v_TRT_6,106旁通阀开度设定,62
v_TRT_6,107旁通阀开度设定,63
v_TRT_6,入口插板阀关到位,64
v_TRT_6,入口插板阀开到位,65
v_TRT_6,入口蝶阀关到位,66
v_TRT_6,入口蝶阀开到位,67
v_TRT_6,出口插板阀关到位,68
v_TRT_6,出口插板阀开到位,69
v_TRT_6,出口蝶阀关到位,70
v_TRT_6,出口蝶阀开到位,71
v_TRT_6,快切阀关到位,72
v_TRT_6,快切阀开到位,73
v_TRT_6,发电机铁芯温度1,74
v_TRT_6,发电机铁芯温度2,75
v_TRT_6,发电机铁芯温度3,76
v_TRT_6,TRT动力油站油箱温度,77
v_TRT_6,TRT润滑油站油箱温度,78
v_TRT_6,TRT快切阀压力,79
v_TRT_6,透平出口压力,80
v_TRT_6,透平出口温度,81
v_TRT_6,热风压力,82
v_TRT_6,顶压调节范围,83
v_TRT_6,预留38,84
v_TRT_6,预留39,85
v_TRT_6,预留40,86
v_TRT_6,预留41,87
v_TRT_6,预留42,88
v_TRT_6,预留43,89
v_TRT_6,预留44,90
v_TRT_6,预留45,91
v_TRT_6,预留46,92
v_TRT_6,预留47,93
v_TRT_6,预留48,94
v_TRT_6,预留49,95
v_TRT_6,预留50,96
v_tscf_g,编号,1
v_tscf_g,高炉,2
v_tscf_g,化验时间,3
v_tscf_g,P,4
v_tscf_g,S,5
v_tscf_g,MN,6
v_tscf_g,SI,7
v_tscf_g,C,8
v_tscf_g,V,9
v_tscf_g,TI,10
v_tscf_g,接时间,11
v_tscf_g,LAB,12
v_tscf_g,As,13
v_tscf_g,班次,14
v_tscf_t,编号,1
v_tscf_t,高炉,2
v_tscf_t,化验时间,3
v_tscf_t,P,4
v_tscf_t,S,5
v_tscf_t,MN,6
v_tscf_t,SI,7
v_tscf_t,C,8
v_tscf_t,V,9
v_tscf_t,TI,10
v_tscf_t,接时间,11
v_tscf_t,LAB,12
v_tscf_t,As,13
v_tscf_t,班次,14
v_xtscw,时间,1
v_xtscw,铁水温度,2
v_xtscw,铁口编号,3
v_zb,时间,1
v_zb,产量,2
v_zb,料批,3
v_zb,焦炭,4
v_zb,焦丁,5
v_zb,熔剂,6
v_zb,块矿,7
v_zb,球团矿,8
v_zb,烧结矿,9
v_zb,喷煤,10
v_zb,容积,11
v_zb,干焦系数,12
v_zb,干煤系数,13
v_zb,总矿,14
v_zb,总焦,15
v_zb,利用系数,16
v_zb,焦比,17
v_zb,焦丁比,18
v_zb,煤比,19
v_zb,综合焦比,20
v_zb,燃料比,21
v_zb,冶炼强度,22
v_zb,综合冶强,23
v_zb,总矿耗,24
v_zb,烧结单耗,25
v_zb,球团单耗,26
v_zb,块矿单耗,27
v_zb,块矿比,28
v_zb,球比,29
v_zb,烧比,30
v_zb,焦炭负荷,31
v_zb,综合负荷,32
v_zb,熔剂单耗,33
v_zb,NO,34
v_zb,截面利用系数,35
v_zb,焦比2,36
v_zcs5,时间,1
v_zcs5,富氧率,2
v_zcs5,透气性指数,3
v_zcs5,CO,4
v_zcs5,H2,5
v_zcs5,CO2,6
v_zcs5,标准风速,7
v_zcs5,富氧流量,8
v_zcs5,冷风流量,9
v_zcs5,鼓风动能,10
v_zcs5,炉腹煤气量,11
v_zcs5,炉腹煤气指数,12
v_zcs5,理论燃烧温度,13
v_zcs5,顶压,14
v_zcs5,顶压西北上,15
v_zcs5,富氧压力,16
v_zcs5,冷风压力,17
v_zcs5,全压差,18
v_zcs5,热风压力,19
v_zcs5,实际风速,20
v_zcs5,热风温度,21
v_zcs5,顶温东北,22
v_zcs5,顶温西南,23
v_zcs5,顶温西北,24
v_zcs5,顶温东南,25
v_zcs5,阻力系数,26
v_zcs5,鼓风湿度,27
v_zcs5,设定喷煤量,28
v_zcs5,上小时实际喷煤量,29
v_zcs5hr,时间,1
v_zcs5hr,富氧率,2
v_zcs5hr,透气性指数,3
v_zcs5hr,CO,4
v_zcs5hr,H2,5
v_zcs5hr,CO2,6
v_zcs5hr,标准风速,7
v_zcs5hr,富氧流量,8
v_zcs5hr,冷风流量,9
v_zcs5hr,鼓风动能,10
v_zcs5hr,炉腹煤气量,11
v_zcs5hr,炉腹煤气指数,12
v_zcs5hr,理论燃烧温度,13
v_zcs5hr,顶压,14
v_zcs5hr,富氧压力,15
v_zcs5hr,冷风压力,16
v_zcs5hr,全压差,17
v_zcs5hr,热风压力,18
v_zcs5hr,实际风速,19
v_zcs5hr,热风温度,20
v_zcs5hr,顶温东北,21
v_zcs5hr,顶温西南,22
v_zcs5hr,顶温西北,23
v_zcs5hr,顶温东南,24
v_zcs5hr,阻力系数,25
v_zcs5hr,鼓风湿度,26
v_zcs5hr,设定喷煤量,27
v_zcs5hr,上小时喷煤量,28
v_zcs5ss,时间,1
v_zcs5ss,顶温东北,2
v_zcs5ss,顶温西南,3
v_zcs5ss,顶温西北,4
v_zcs5ss,顶温东南,5
v_zcs5ss,顶压西南上,6
v_zcs5ss,顶压西北上,7
v_zcs5ss,热风温度,8
v_zcs5ss,热风压力,9
v_zcs5ss,冷风流量,10
v_zcs5ss,富氧流量,11
v_zcs5ss,本小时喷煤量设定,12
v_zcs5ss,打水量,13
v_zcs5ss,净煤气流量,14
v_zcs5ss,CO,15
v_zcs5ss,H2,16
v_zcs5ss,CO2,17
v_zcs5ss,软水进水流量,18
v_zcs5ss,软水回水流量,19
v_zcs5ss,软水进水温度,20
v_zcs5ss,雷达DCS,21
v_zcs5ss,风口数,22
v_zcs5ss,水温差,23
v_zcs7,时间,1
v_zcs7,富氧率,2
v_zcs7,透气性指数,3
v_zcs7,CO,4
v_zcs7,H2,5
v_zcs7,CO2,6
v_zcs7,标准风速,7
v_zcs7,富氧流量,8
v_zcs7,冷风流量,9
v_zcs7,鼓风动能,10
v_zcs7,炉腹煤气量,11
v_zcs7,炉腹煤气指数,12
v_zcs7,理论燃烧温度,13
v_zcs7,顶压,14
v_zcs7,顶压2,15
v_zcs7,顶压3,16
v_zcs7,顶压4,17
v_zcs7,富氧压力,18
v_zcs7,冷风压力,19
v_zcs7,冷风压力2,20
v_zcs7,全压差,21
v_zcs7,热风压力,22
v_zcs7,热风压力2,23
v_zcs7,实际风速,24
v_zcs7,冷风温度,25
v_zcs7,热风温度,26
v_zcs7,顶温东北,27
v_zcs7,顶温西南,28
v_zcs7,顶温西北,29
v_zcs7,顶温东南,30
v_zcs7,顶温下降管,31
v_zcs7,阻力系数,32
v_zcs7,鼓风湿度,33
v_zcs7,设定喷煤量,34
v_zcs7,本小时实际喷煤量,35
v_zcs7,上小时实际喷煤量,36
v_zcs7hr,时间,1
v_zcs7hr,富氧率,2
v_zcs7hr,透气性指数,3
v_zcs7hr,CO,4
v_zcs7hr,H2,5
v_zcs7hr,CO2,6
v_zcs7hr,标准风速,7
v_zcs7hr,富氧流量,8
v_zcs7hr,冷风流量,9
v_zcs7hr,鼓风动能,10
v_zcs7hr,炉腹煤气量,11
v_zcs7hr,炉腹煤气指数,12
v_zcs7hr,理论燃烧温度,13
v_zcs7hr,顶压,14
v_zcs7hr,富氧压力,15
v_zcs7hr,冷风压力,16
v_zcs7hr,全压差,17
v_zcs7hr,热风压力,18
v_zcs7hr,实际风速,19
v_zcs7hr,热风温度,20
v_zcs7hr,顶温东北,21
v_zcs7hr,顶温西南,22
v_zcs7hr,顶温西北,23
v_zcs7hr,顶温东南,24
v_zcs7hr,阻力系数,25
v_zcs7hr,鼓风湿度,26
v_zcs7hr,设定喷煤量,27
v_zcs7hr,上小时喷煤量,28
v_zcs7ss,时间,1
v_zcs7ss,富氧率,2
v_zcs7ss,透气性指数,3
v_zcs7ss,CO,4
v_zcs7ss,H2,5
v_zcs7ss,CO2,6
v_zcs7ss,标准风速,7
v_zcs7ss,富氧流量,8
v_zcs7ss,冷风流量,9
v_zcs7ss,鼓风动能,10
v_zcs7ss,炉腹煤气量,11
v_zcs7ss,炉腹煤气指数,12
v_zcs7ss,理论燃烧温度,13
v_zcs7ss,顶压,14
v_zcs7ss,顶压2,15
v_zcs7ss,顶压3,16
v_zcs7ss,顶压4,17
v_zcs7ss,富氧压力,18
v_zcs7ss,冷风压力,19
v_zcs7ss,冷风压力2,20
v_zcs7ss,全压差,21
v_zcs7ss,热风压力,22
v_zcs7ss,热风压力2,23
v_zcs7ss,实际风速,24
v_zcs7ss,冷风温度,25
v_zcs7ss,热风温度,26
v_zcs7ss,顶温东北,27
v_zcs7ss,顶温西南,28
v_zcs7ss,顶温西北,29
v_zcs7ss,顶温东南,30
v_zcs7ss,顶温下降管,31
v_zcs7ss,阻力系数,32
v_zcs7ss,鼓风湿度,33
v_zcs7ss,设定喷煤量,34
v_zcs7ss,本小时实际喷煤量,35
v_zcs7ss,上小时实际喷煤量,36
v_焦炭,unit,1
v_焦炭,ZYBH,2
v_焦炭,MAT_SAMPLE_NO,3
v_焦炭,MAT_SAMPLE_DATE,4
v_焦炭,MAT_SAMPLE_SHIFT,5
v_焦炭,OUTPUT,6
v_焦炭,JDG_GRADE,7
v_焦炭,S10-25,8
v_焦炭,S40-60,9
v_焦炭,Ad,10
v_焦炭,Vdaf,11
v_焦炭,CRI,12
v_焦炭,CLD,13
v_焦炭,LCL180,14
v_焦炭,M40,15
v_焦炭,Mad,16
v_焦炭,S25-40,17
v_焦炭,MgO,18
v_焦炭,SO3,19
v_焦炭,St.ad,20
v_焦炭,Aad,21
v_焦炭,P2O5,22
v_焦炭,TiO2,23
v_焦炭,Vad,24
v_焦炭,CaO,25
v_焦炭,Na2O,26
v_焦炭,St.d,27
v_焦炭,CSR,28
v_焦炭,Mt,29
v_焦炭,S-10,30
v_焦炭,CuO,31
v_焦炭,K2O,32
v_焦炭,MnO,33
v_焦炭,S+60,34
v_焦炭,S-25,35
v_焦炭,FCad,36
v_焦炭,M10,37
v_焦炭,Vd,38
v_焦炭,Al2O3,39
v_焦炭,Fe2O3,40
v_焦炭,SiO2,41
v_炉底秤,高炉,1
v_炉底秤,时间,2
v_炉底秤,东外,3
v_炉底秤,西外,4
v_炉底秤,东内,5
v_炉底秤,西内,6
v_炉底秤,东外1,7
v_炉底秤,东外2,8
v_炉底秤,西外3,9
v_炉底秤,西外4,10
v_炉底秤,东内5,11
v_炉底秤,东内6,12
v_炉底秤,西内7,13
v_炉底秤,西内8,14
v_炉底秤,铁7西,15
v_炉底秤,铁8东,16
v_炉底秤,铁7东,17
v_炉底秤,铁5,18
v_炉底秤,铁6,19
v_炉底秤,铁8西,20
v_炉渣,MAT_SAMPLE_DATE,1
v_炉渣,MAT_SAMPLE_NO,2
v_炉渣,UNIT_NO,3
v_炉渣,MAT_SAMPLE_SHIFT,4
v_炉渣,MAT_SAMPLE_TEAM,5
v_炉渣,R,6
v_炉渣,MGO,7
v_炉渣,TIO2,8
v_炉渣,P2O5,9
v_炉渣,CAO,10
v_炉渣,NA2O,11
v_炉渣,V2O5,12
v_炉渣,MNO,13
v_炉渣,K2O,14
v_炉渣,AL2O3,15
v_炉渣,FEO,16
v_炉渣,SIO2,17
v_炉渣,CR2O3,18
v_炉渣,S,19
v_煤粉,MAT_SAMPLE_NO,1
v_煤粉,MAT_SAMPLE_POS,2
v_煤粉,REMARK,3
v_煤粉,MAT_SAMPLE_TIME,4
v_煤粉,SS100-200,5
v_煤粉,Ad,6
v_煤粉,Vdaf,7
v_煤粉,SS-320,8
v_煤粉,SS200-320,9
v_煤粉,Mad,10
v_煤粉,SS-200,11
v_煤粉,MgO,12
v_煤粉,SO3,13
v_煤粉,Aad,14
v_煤粉,P2O5,15
v_煤粉,TiO2,16
v_煤粉,Vad,17
v_煤粉,CaO,18
v_煤粉,Na2O,19
v_煤粉,St.d,20
v_煤粉,Mt,21
v_煤粉,CuO,22
v_煤粉,K2O,23
v_煤粉,MnO,24
v_煤粉,SS50-100,25
v_煤粉,FCad,26
v_煤粉,Vd,27
v_煤粉,Al2O3,28
v_煤粉,Fe2O3,29
v_煤粉,SiO2,30
v_煤粉,SS+50,31
v_煤粉,FRZ,32
v_煤粉,KMZS,33
v_煤粉,ZHD,34
v_煤粉,HXFYX,35
v_煤粉,HRD,36
v_煤粉,RSL,37
v_球团,unit,1
v_球团,ZYBH,2
v_球团,MAT_SAMPLE_NO,3
v_球团,MAT_SAMPLE_DATE,4
v_球团,MAT_SAMPLE_SHIFT,5
v_球团,As,6
v_球团,Cr,7
v_球团,Ni,8
v_球团,Pb,9
v_球团,R,10
v_球团,ZG,11
v_球团,Cu,12
v_球团,MgO,13
v_球团,P,14
v_球团,SFZS,15
v_球团,KY,16
v_球团,TiO2,17
v_球团,S16-25,18
v_球团,CaO,19
v_球团,Na2O,20
v_球团,TFe,21
v_球团,V2O5,22
v_球团,S5-10,23
v_球团,KM,24
v_球团,ZGZS,25
v_球团,K2O,26
v_球团,MnO,27
v_球团,R4,28
v_球团,Zn,29
v_球团,S+25,30
v_球团,Al2O3,31
v_球团,FeO,32
v_球团,S,33
v_球团,S10-16,34
v_球团,SiO2,35
v_热风炉报表,炉号,1
v_热风炉报表,开始时间,2
v_热风炉报表,结束时间,3
v_热风炉报表,冷风压力,4
v_热风炉报表,热风温度,5
v_热风炉报表,支管煤气压力,6
v_热风炉报表,num,7
v_热风炉报表,拱顶温度(开始),8
v_热风炉报表,拱顶温度(结束),9
v_热风炉报表,拱顶温升,10
v_热风炉报表,烟道温度(开始),11
v_热风炉报表,烟道温度(结束),12
v_热风炉报表,烟道温升,13
v_热风炉报表,燃烧小时,14
v_烧结,unit,1
v_烧结,ZYBH,2
v_烧结,MAT_SAMPLE_NO,3
v_烧结,MAT_SAMPLE_DATE,4
v_烧结,MAT_SAMPLE_SHIFT,5
v_烧结,As,6
v_烧结,Cr,7
v_烧结,Ni,8
v_烧结,Pb,9
v_烧结,R,10
v_烧结,Cu,11
v_烧结,MgO,12
v_烧结,P,13
v_烧结,SFZS,14
v_烧结,TiO2,15
v_烧结,CaO,16
v_烧结,Na2O,17
v_烧结,S+40,18
v_烧结,TFe,19
v_烧结,V2O5,20
v_烧结,ZGZS,21
v_烧结,K2O,22
v_烧结,MnO,23
v_烧结,R4,24
v_烧结,S-10,25
v_烧结,Zn,26
v_烧结,Al2O3,27
v_烧结,FeO,28
v_烧结,S,29
v_烧结,SiO2,30
v_总管和补偿,XH,1
v_总管和补偿,time,2
v_总管和补偿,speed_up_aver,3
v_总管和补偿,speed_down_aver,4
v_总管和补偿,speed_compute,5
v_总管和补偿,dense_aver,6
v_总管和补偿,buchang_dense,7
v_总管和补偿,nongdubaifenbi,8
v_总管和补偿,每小时累计流量,9
v_总管和补偿,Dense_Zero,10
v_总管和补偿,瞬时质量流量,11
v_总管和补偿,tensec_leiji_compute,12
v_总管和补偿,onehour_leiji_compute,13
v_总管和补偿,柳钢本小时已经,14
v_总管和补偿,补偿传感器温度,15
